Compound_ID,Smiles,Activity_Label
CHEMBL1089781,O=S(=O)(NCB(O)O)c1cc2c(Cl)ccc(Cl)c2s1,0
CHEMBL1689063,NC(=O)[C@@H]1CC[C@@H]2CN1C(=O)N2OS(=O)(=O)O,0
CHEMBL1795563,CO/N=C(\C(=O)NCP(=O)(O)Oc1ccc(C#N)c(F)c1)c1cnc(N)s1,0
CHEMBL1795564,CO/N=C(\C(=O)NCP(=O)(O)Oc1ccc(C#N)c(F)c1)c1cnc(NC(=O)C(Cl)(Cl)Cl)s1,0
CHEMBL1795565,CON=C(C(=O)NCP(=O)(O)Oc1ccc(C#N)c(F)c1)c1cccs1,0
CHEMBL1795566,CO/N=C(\C(=O)NCP(=O)(O)Oc1ccc(C#N)c(F)c1)c1cccs1,0
CHEMBL1795567,CO/N=C(/C(=O)NCP(=O)(O)Oc1ccc(C#N)c(F)c1)c1cccs1,0
CHEMBL1795568,N#Cc1ccc(OP(=O)(O)CNC(=O)C(=NO)c2cccs2)cc1F,0
CHEMBL1795569,CO/N=C(\C(=O)NCP(=O)(O)O)c1cccs1,0
CHEMBL1795570,CO/N=C(/C(=O)NCP(=O)(O)O)c1cccs1,0
CHEMBL1795571,N#Cc1ccc(OP(=O)([O-])CNC(=O)/C(=N\OCCC[n+]2ccccc2)c2cccs2)cc1F,0
CHEMBL1795572,CO/N=C(/C(=O)NCP(=O)(O)Oc1ccc(C#N)c(F)c1)c1ccc(Cl)s1,0
CHEMBL3112591,Nc1cccc(NC(=O)[C@@H]2CC[C@@H]3CN2C(=O)N3OS(=O)(=O)O)n1,1
CHEMBL3112742,O=C(N[C@H]1CCNC1)[C@@H]1CC[C@@H]2CN1C(=O)N2OS(=O)(=O)O,0
CHEMBL3112743,O=C(N[C@@H]1CCNC1)[C@@H]1CC[C@@H]2CN1C(=O)N2OS(=O)(=O)O,0
CHEMBL3112744,CN1CCC(NC(=O)[C@@H]2CC[C@@H]3CN2C(=O)N3OS(=O)(=O)O)CC1,0
CHEMBL3112745,O=C(NC1CCS(=O)(=O)CC1)[C@@H]1CC[C@@H]2CN1C(=O)N2OS(=O)(=O)O,0
CHEMBL3112746,O=C(Nc1ccncc1)[C@@H]1CC[C@@H]2CN1C(=O)N2OS(=O)(=O)O,0
CHEMBL3112747,O=C(Nc1cccnc1)[C@@H]1CC[C@@H]2CN1C(=O)N2OS(=O)(=O)O,0
CHEMBL3112748,O=C(Nc1ccccn1)[C@@H]1CC[C@@H]2CN1C(=O)N2OS(=O)(=O)O,1
CHEMBL3112749,NCc1ccc(NC(=O)[C@@H]2CC[C@@H]3CN2C(=O)N3OS(=O)(=O)O)nc1,0
CHEMBL3112750,C[n+]1ccc(NC(=O)[C@@H]2CC[C@@H]3CN2C(=O)N3OS(=O)(=O)[O-])cc1,0
CHEMBL3112751,O=C(O)c1ccc(NC(=O)[C@@H]2CC[C@@H]3CN2C(=O)N3OS(=O)(=O)O)cc1,0
CHEMBL3112752,N[C@@H](Cc1ccc(NC(=O)[C@@H]2CC[C@@H]3CN2C(=O)N3OS(=O)(=O)O)cc1)C(=O)O,0
CHEMBL3112753,O=C(NCC1CCNCC1)[C@@H]1CC[C@@H]2CN1C(=O)N2OS(=O)(=O)O,0
CHEMBL3112754,CN(C(=O)[C@@H]1CC[C@@H]2CN1C(=O)N2OS(=O)(=O)O)C1CCNCC1,0
CHEMBL3112755,O=C(OC1CCNCC1)[C@@H]1CC[C@@H]2CN1C(=O)N2OS(=O)(=O)O,0
CHEMBL3112756,O=C(N[C@H]1CCCNCC1)[C@@H]1CC[C@@H]2CN1C(=O)N2OS(=O)(=O)O,0
CHEMBL3112757,O=C(N[C@@H]1CCCNCC1)[C@@H]1CC[C@@H]2CN1C(=O)N2OS(=O)(=O)O,0
CHEMBL3301605,O.O=C(NC1CCNCC1)[C@@H]1CC[C@@H]2CN1C(=O)N2OS(=O)(=O)O,0
CHEMBL3317857,O=C(O)C[C@@H]1CC[C@H](NC(=O)Cc2cccs2)B(O)O1,0
CHEMBL3989959,NCCONC(=O)[C@@H]1CC[C@@H]2CN1C(=O)N2OS(=O)(=O)O,0
CHEMBL4298137,CC1=C[C@@H]2CN(C(=O)N2OS(=O)(=O)O)[C@@H]1C(N)=O,1
CHEMBL4633785,O=C(O)c1c(F)ccc2c1OB(O)[C@@H]1C[C@H]21,1
CHEMBL107518,O=C(O)c1ccc(Oc2ccccc2)cc1,0
CHEMBL109074,c1ccc(-c2ccncc2)cc1,0
CHEMBL123234,O=C(O)c1cccc(-c2ccccc2)c1,0
CHEMBL1327484,O=C(O)CSc1ccnc2cc(Cl)ccc12,0
CHEMBL1834963,O=C(O)c1cccc(C#Cc2ccccc2)c1,0
CHEMBL2018158,O=C(O)c1ccc2[nH]ccc2c1,0
CHEMBL3896367,O=C(O)c1cccc(-c2cccnc2)c1,0
CHEMBL3908259,Nc1cccnc1-c1cccc(C(=O)O)c1,0
CHEMBL3910343,O=C(O)c1cc(-c2ccncc2)cc(-c2ccncc2)c1,0
CHEMBL3913021,O=C(O)c1cccc(-c2ccncc2)c1,0
CHEMBL3931620,CC(=O)c1cccc(-c2ccncc2)c1,0
CHEMBL3950623,O=C(O)c1ccc2ccncc2c1,0
CHEMBL3951674,Cc1cc2ccc(C(=O)O)cc2cn1,0
CHEMBL3967375,O=C(O)c1cccc(-c2nccs2)c1,0
CHEMBL541,O=C(O)c1ccccc1,0
CHEMBL582878,O=C(O)CCCc1c[nH]c2ccccc12,0
CHEMBL72628,O=C(O)c1ccccn1,0
JM0C01535-7,[Na+].[O-]S(=O)(=O)ON1[C@@H]2CC[C@H](N(C2)C1=O)C(F)(F)F,1
JM0C01535-10,[Na+].[O-]S(=O)(=O)ON1[C@@H]2CC[C@H](N(C2)C1=O)C(F)(F)c3nccs3,0
JM0C01535-11,[Na+].[O-]S(=O)(=O)ON1[C@@H]2CC[C@@H](C(F)F)N(C2)C1=O,0
JM0C01535-12,[Na+].[O-]S(=O)(=O)ON1[C@@H]2CC[C@@H](C(Cl)Cl)N(C2)C1=O,0
JM0C01535-15,[Na+].[O-]S(=O)(=O)ON1[C@@H]2CC[C@@H](CF)N(C2)C1=O,0
JM0C01535-16,[Na+].[O-]S(=O)(=O)ON1[C@@H]2CC[C@@H](CCl)N(C2)C1=O,0
JM0C01535-17,[Na+].[O-]S(=O)(=O)ON1[C@@H]2CC[C@@H](COC(F)(F)F)N(C2)C1=O,0
JM0C01535-21,[Na+].[O-]S(=O)(=O)ON1[C@@H]2CC[C@@H](F)N(C2)C1=O,1
JM0C01535-22,[Na+].[O-]S(=O)(=O)ON1[C@@H]2CC[C@@H](SC(F)(F)F)N(C2)C1=O,0
JM0C01535-24,[Na+].[O-]S(=O)(=O)ON1[C@@H]2CCCN(C2)C1=O,0
JM0C01535-31,[Na+].CC(F)(F)[C@@H]1CC[C@@H]2CN1C(=O)N2OS(=O)(=O)[O-],0
JM1C00799-2,O=C1N2[C@H]([S@@](C)=O)CC[C@@H](N1O[C@H](F)C(O)=O)C2,1
JM1C00799-5,O=C1N2[C@H]([S@](C)=O)CC[C@@H](N1O[C@H](F)C(O)=O)C2,0
JM1C00799-18,O=C1N2[C@H]([S@@](CC3=CN=C(N)S3)=O)CC[C@@H](N1O[C@H](F)C(O)=O)C2,1
JM1C00799-AVI,OS(ON1[C@H]2CN(C1=O)[C@H](C(N)=O)CC2)(=O)=O,0
JM9B02125-7a,O=C1N2[C@H](CN3C=C(C4=CC=CN=C4)N=N3)CC[C@@H](N1OS(=O)(O[Na])=O)C2,0
JM9B02125-7b,O=C1N2[C@H](CN3C=C(C4=CC=CC=C4)N=N3)CC[C@@H](N1OS(=O)(O[Na])=O)C2,0
JM9B02125-7c,O=C1N2[C@H](CN3C=C([Si](C)(C)C)N=N3)CC[C@@H](N1OS(=O)(O[Na])=O)C2,0
JM9B02125-7d,O=C1N2[C@H](CN3C=C(COC)N=N3)CC[C@@H](N1OS(=O)(O[Na])=O)C2,0
JM9B02125-7e,O=C1N2[C@H](CN3C=C(CN(C)C)N=N3)CC[C@@H](N1OS(=O)(O[Na])=O)C2,0
JM9B02125-7f,O=C1N2[C@H](CN3C=C(CN4CCOCC4)N=N3)CC[C@@H](N1OS(=O)(O[Na])=O)C2,0
JM9B02125-7g,O=C1N2[C@H](CN3C=C(CNC(OC(C)(C)C)=O)N=N3)CC[C@@H](N1OS(=O)(O[Na])=O)C2,0
JM9B02125-7h,O=C1N2[C@H](CN3C=C(C4CCN(CC4)C(OC(C)(C)C)=O)N=N3)CC[C@@H](N1OS(=O)(O[Na])=O)C2,0
JM9B02125-7i,O=C1N2[C@H](CN3C=C(C4=CC=C(NC(CCNC(OC(C)(C)C)=O)=O)C=C4)N=N3)CC[C@@H](N1OS(=O)(O[Na])=O)C2,0
JM9B02125-7j,O=C1N2[C@H](CN3C=C(CCC(O)=O)N=N3)CC[C@@H](N1OS(=O)(O[Na])=O)C2,0
JM9B02125-8g,O=C1N2[C@H](CN3C=C(CNC(C(F)(F)F)=O)N=N3)CC[C@@H](N1OS(=O)(O)=O)C2,0
JM9B02125-8h,O=C1N2[C@H](CN3C=C(C4CCN(C(C(F)(F)F)=O)CC4)N=N3)CC[C@@H](N1OS(=O)(O)=O)C2,0
JM9B02125-8i,O=C1N2[C@H](CN3C=C(C4=CC=C(NC(CCNC(C(F)(F)F)=O)=O)C=C4)N=N3)CC[C@@H](N1OS(=O)(O)=O)C2,0
JM9B02125-10a,O=C1N2[C@H](CN3N=CC=N3)CC[C@@H](N1OS(=O)(O[Na])=O)C2,0
JM9B02125-10b,O=C1N2[C@H](CN3C=CN=N3)CC[C@@H](N1OS(=O)(O[Na])=O)C2,0
JM5C02230-1,OB1COC2=CC=C(CN3C=CC=N3)C(C(O)=O)=C2O1,1
JM5C02230-2,OB1COC2=CC=C(CN3C=C(F)C=N3)C(C(O)=O)=C2O1,1
JM5C02230-3,OB1COC2=CC=C(CN3C=C(C)C=N3)C(C(O)=O)=C2O1,1
JM5C02230-4,OB1COC2=CC=C(CN3C=C(C(F)(F)F)C=N3)C(C(O)=O)=C2O1,1
JM5C02230-5,OB1COC2=CC=C(CN3C=C(C(C)(C)C)C=N3)C(C(O)=O)=C2O1,1
JM5C02230-6,OB1COC2=CC=C(CN3C=C([N+]([O-])=O)C=N3)C(C(O)=O)=C2O1,1
JM5C02230-7,OB1COC2=CC=C(CN3C=C(C#N)C=N3)C(C(O)=O)=C2O1,1
JM5C02230-8,OB1COC2=CC=C(CN3C=C(C(N)=O)C=N3)C(C(O)=O)=C2O1,1
JM5C02230-9,OB1COC2=CC=C(CN3C=C(OCC)C=N3)C(C(O)=O)=C2O1,1
JM5C02230-10,OB1COC2=CC=C(CN3C=C(OC4CCC4)C=N3)C(C(O)=O)=C2O1,1
JM5C02230-11,OB1COC2=CC=C(CN3C=C(OC4COC4)C=N3)C(C(O)=O)=C2O1,1
JM5C02230-12,OB1COC2=CC=C(CN3N=CC=N3)C(C(O)=O)=C2O1,1
JM5C02230-13,OB1COC2=CC=C(CN3C=C(C4=CSC=C4)N=N3)C(C(O)=O)=C2O1,1
JM5C02230-14,OB1COC2=CC=C(CN3C=C(C4=CC=CS4)N=N3)C(C(O)=O)=C2O1,1
JM5C02230-15,OB1COC2=CC=C(CN3C=C(C4=CC=CC=C4)N=N3)C(C(O)=O)=C2O1,1
JM5C02230-16,OB1COC2=CC=C(CN3C=C(CC4=CC=CC=C4)N=N3)C(C(O)=O)=C2O1,1
JM5C02230-17,OB1COC2=CC=C(CN3C=C(C4=CC=C(N)C=C4)N=N3)C(C(O)=O)=C2O1.Cl,1
JM5C02230-18,OB1COC2=CC=C(CN3C=C(C4=CC=C(CN)C=C4)N=N3)C(C(O)=O)=C2O1.Cl,0
JM5C02230-19,OB1COC2=CC=C(CN3C=C(C4=CC(CN)=CC=C4)N=N3)C(C(O)=O)=C2O1.Cl,1
JM5C02230-20,OB1COC2=CC=C(CN3C=C(C4=C(CN)C=CC=C4)N=N3)C(C(O)=O)=C2O1.Cl,1
JM5C02230-21,OB1COC2=CC=C(CN3C=C(C4=CC=C(CCN)C=C4)N=N3)C(C(O)=O)=C2O1.Cl,1
JM5C02230-22,OB1COC2=CC=C(CN3C=C(CN)C=N3)C(C(O)=O)=C2O1.Cl,1
JM5C02230-23,OB1COC2=CC=C(CN3C=C(OCCN)C=N3)C(C(O)=O)=C2O1.Cl,1
JM5C02230-24,OB1COC2=CC=C(CN3C=C(OC4CNC4)C=N3)C(C(O)=O)=C2O1.Cl,0
