Compound_ID,Smiles,Toxicity_Label
667490,C1=NC2=C(N1)C(=S)N=CN2,1
1983,CC(=O)NC1=CC=C(C=C1)O,1
2265,CN1C=NC(=C1SC2=NC=NC3=C2NC=N3)[N+](=O)[O-],1
2725,CN(C)CCC(C1=CC=C(C=C1)Cl)C2=CC=CC=N2,0
2796,CCOC(=O)C(C)(C)OC1=CC=C(C=C1)Cl,1
2907,C1CNP(=O)(OC1)N(CCCl)CCCl,1
681,C1=CC(=C(C=C1CCN)O)O,0
450,CC12CCC3C(C1CCC2O)CCC4=C3C=CC(=C4)O,1
3386,CNCCC(C1=CC=CC=C1)OC2=CC=C(C=C2)C(F)(F)F,1
3463,CC1=CC(=C(C=C1)C)OCCCC(C)(C)C(=O)O,1
3715,CC1=C(C2=C(N1C(=O)C3=CC=C(C=C3)Cl)C=CC(=C2)OC)CC(=O)O,1
3825,CC(C1=CC(=CC=C1)C(=O)C2=CC=CC=C2)C(=O)O,1
453,C(C(C(C(C(CO)O)O)O)O)O,0
4112,CN(CC1=CN=C2C(=N1)C(=NC(=N2)N)N)C3=CC=C(C=C3)C(=O)NC(CCC(=O)O)C(=O)O,1
4763,CCC1(C(=O)NC(=O)NC1=O)C2=CC=CC=C2,1
1775,C1=CC=C(C=C1)C2(C(=O)NC(=O)N2)C3=CC=CC=C3,1
135512673,CC1C=CC=C(C(=O)NC2=C(C(=C3C(=C2O)C(=C(C4=C3C(=O)C(O4)(OC=CC(C(C(C(C(C(C1O)C)O)C)OC(=O)C)C)OC)C)C)O)O)C=NN5CCN(CC5)C)C,1
54685734,CC1(C2CC3C(C(=O)C(=C(C3(C(=O)C2=C(C4=C1C=CC=C4O)O)O)O)C(=O)N)N(C)C)O,1
1971,C1CC1NC2=C3C(=NC(=N2)N)N(C=N3)C4CC(C=C4)CO,1
135398513,C1=NC2=C(N1COCCO)N=C(NC2=O)N,1
135401907,C1=NNC2=C1C(=O)NC=N2,1
34870,C1CC2=CC=CC=C2C(C3=CC=CC=C31)NCCCCCCC(=O)O,1
2157,CCCCC1=C(C2=CC=CC=C2O1)C(=O)C3=CC(=C(C(=C3)I)OCCN(CC)CC)I,1
2160,CN(C)CCC=C1C2=CC=CC=C2CCC3=CC=CC=C31,1
1972,CC1C=CC=CC=CC=CC=CC=CC=CC(CC2C(C(CC(O2)(CC(CC(C(CCC(CC(CC(=O)OC(C(C1O)C)C)O)O)O)O)O)O)O)C(=O)O)OC3C(C(C(C(O3)C)O)N)O,1
2174,CC1(C(N2C(S1)C(C2=O)NC(=O)C(C3=CC=CC=C3)N)C(=O)O)C,1
3152,COC1=C(C=C2C(=C1)CC(C2=O)CC3CCN(CC3)CC4=CC=CC=C4)OC,1
2244,CC(=O)OC1=CC=CC=C1C(=O)O,1
2148,C1=CC(=CC=C1C(=O)NCC(=O)O)N,0
2375,CC(CS(=O)(=O)C1=CC=C(C=C1)F)(C(=O)NC2=CC(=C(C=C2)C#N)C(F)(F)F)O,1
444,CC(C(=O)C1=CC(=CC=C1)Cl)NC(C)(C)C,1
2550,CC(CS)C(=O)N1CCCC1C(=O)O,1
2554,C1=CC=C2C(=C1)C=CC3=CC=CC=C3N2C(=O)N,1
426756,C1CC(C1)(C(=O)O)C(=O)O.[NH2-].[NH2-].[Pt+2],1
2650,CC(C)(C(=O)O)ON=C(C1=CSC(=N1)N)C(=O)NC2C3N(C2=O)C(=C(CS3)C[N+]4=CC=CC=C4)C(=O)[O-],1
2710,CN1CCN(CC1)C(C2=CC=CC=C2)C3=CC=C(C=C3)Cl,1
2733,C1=CC2=C(C=C1Cl)NC(=O)O2,1
2726,CN(C)CCCN1C2=CC=CC=C2SC3=C1C=C(C=C3)Cl,1
84691,N.N.Cl[Pt]Cl,1
3080,C(C(CS)S)O,0
2833,CC(=O)NC1CCC2=CC(=C(C(=C2C3=CC=C(C(=O)C=C13)OC)OC)OC)OC,0
56987786,CC(C)CC(C(=O)NC(CCC(=O)O)C(=O)NC(CC1=CC=CC=C1)C(=O)O)NC(=O)C2CCCN2C(=O)C(CC3=CC=CC=C3)NC(=O)C(C)NC(=O)C(CCC(=O)O)NC(=O)C(C)NC(=O)C(CO)NC(=O)C(CCC(=O)O)NC(=O)C(CC(=O)O)NC(=O)C(CCC(=O)O)NC(=O)C(C)NC(=O)CNC(=O)C(CC(=O)N)NC(=O)C4CCCN4C(=O)C(CC5=CC=C(C=C5)O)NC(=O)C(C(C)C)NC(=O)C(CCCCN)NC(=O)C(C(C)C)NC(=O)C6CCCN6C(=O)C(CCCNC(=N)N)NC(=O)C(CCCNC(=N)N)NC(=O)C(CCCCN)NC(=O)C(CCCCN)NC(=O)CNC(=O)C(C(C)C)NC(=O)C7CCCN7C(=O)C(CCCCN)NC(=O)CNC(=O)C(CC8=CNC9=CC=CC=C98)NC(=O)C(CCCNC(=N)N)NC(=O)C(CC1=CC=CC=C1)NC(=O)C(CC1=CN=CN1)NC(=O)C(CCC(=O)O)NC(=O)C(CCSC)NC(=O)C(CO)NC(=O)C(CC1=CC=C(C=C1)O)NC(=O)C(CO)N,0
2019,CC1C(C(=O)NC(C(=O)N2CCCC2C(=O)N(CC(=O)N(C(C(=O)O1)C(C)C)C)C)C(C)C)NC(=O)C3=C4C(=C(C=C3)C)OC5=C(C(=O)C(=C(C5=N4)C(=O)NC6C(OC(=O)C(N(C(=O)CN(C(=O)C7CCCN7C(=O)C(NC6=O)C(C)C)C)C)C(C)C)C)N)C,1
2952,C1C(=O)NC(=O)N1N=CC2=CC=C(O2)C3=CC=C(C=C3)[N+](=O)[O-],1
54680103,CN(C)C1C2CC3C(C4=C(C=CC(=C4C(=C3C(=O)C2(C(=C(C1=O)C(=O)N)O)O)O)O)Cl)O,0
15330,CCC(=O)OC(CC1=CC=CC=C1)(C2=CC=CC=C2)C(C)CN(C)C,1
3033,C1=CC=C(C(=C1)CC(=O)O)NC2=C(C=CC=C2Cl)Cl,1
3059,C1=CC(=C(C=C1C2=C(C=C(C=C2)F)F)C(=O)O)O,1
3100,CN(C)CCOC(C1=CC=CC=C1)C2=CC=CC=C2,0
3310,CC1OCC2C(O1)C(C(C(O2)OC3C4COC(=O)C4C(C5=CC6=C(C=C35)OCO6)C7=CC(=C(C(=C7)OC)O)OC)O)O,1
3325,C1=C(N=C(S1)N=C(N)N)CSCCC(=NS(=O)(=O)N)N,1
3331,C1=CC=C(C=C1)C(COC(=O)N)COC(=O)N,1
3339,CC(C)OC(=O)C(C)(C)OC1=CC=C(C=C1)C(=O)C2=CC=C(C=C2)Cl,1
3342,CC(C1=CC(=CC=C1)OC2=CC=CC=C2)C(=O)O,1
3397,CC(C)C(=O)NC1=CC(=C(C=C1)[N+](=O)[O-])C(F)(F)F,1
3657,C(=O)(N)NO,1
5291,CC1=C(C=C(C=C1)NC(=O)C2=CC=C(C=C2)CN3CCN(CC3)C)NC4=NC=CC(=N4)C5=CN=CC=C5,1
3696,CN(C)CCCN1C2=CC=CC=C2CCC3=CC=CC=C31,1
3748,CC(C)NNC(=O)C1=CC=NC=C1,1
3823,CC(=O)N1CCN(CC1)C2=CC=C(C=C2)OCC3COC(O3)(CN4C=CN=C4)C5=C(C=C(C=C5)Cl)Cl,1
3869,CC(CCC1=CC=CC=C1)NCC(C2=CC(=C(C=C2)O)C(=O)N)O,1
3899,CC1=C(C=NO1)C(=O)NC2=CC=C(C=C2)C(F)(F)F,1
4044,CC1=C(C(=CC=C1)NC2=CC=CC=C2C(=O)O)C,1
54677470,CC1=CN=C(S1)NC(=O)C2=C(C3=CC=CC=C3S(=O)(=O)N2C)O,1
4091,CN(C)C(=N)N=C(N)N,1
4138,CC(CC1=CC(=C(C=C1)O)O)(C(=O)O)N,1
4449,CCC1=NN(C(=O)N1CCOC2=CC=CC=C2)CCCN3CCN(CC3)C4=CC(=CC=C4)Cl,1
4509,C1C(=O)NC(=O)N1N=CC2=CC=C(O2)[N+](=O)[O-],1
22419,C1=CC(=C(C=C1N=NC2=CC(=C(C=C2)O)C(=O)O)C(=O)O)O,1
4691,C1CNCC(C1C2=CC=C(C=C2)F)COC3=CC4=C(C=C3)OCO4,1
4735,C1=CC(=CC=C1C(=N)N)OCCCCCOC2=CC=C(C=C2)C(=N)N,1
4746,C1CCC(CC1)C(CC2CCCCN2)C3CCCCC3,1
4811,CC12CCN(C1N(C3=C2C=C(C=C3)OC(=O)NC)C)C,0
4829,CCC1=CN=C(C=C1)CCOC2=CC=C(C=C2)CC3C(=O)NC(=O)S3,1
657298,CCCC1=CC(=O)NC(=S)N1,1
5032,CC(C(C1=CC=CC=C1)O)NC,0
5039,CNC(=C[N+](=O)[O-])NCCSCC1=CC=C(O1)CN(C)C,1
4460695,CC1C=CC=C(C(=O)NC2=C(C3=C(C4=C(C(=C3O)C)OC(C4=O)(OC=CC(C(C(C(C(C(C1O)C)O)C)OC(=O)C)C)OC)C)C5=NC6(CCN(CC6)CC(C)C)N=C25)O)C,1
77999,CN(CCOC1=CC=C(C=C1)CC2C(=O)NC(=O)S2)C3=CC=CC=N3,1
19190,CC1(C(=[N+](C2=C1C3=CC=CC=C3C=C2)CCCCS(=O)(=O)[O-])C=CC=CC=CC=C4C(C5=C(N4CCCCS(=O)(=O)[O-])C=CC6=CC=CC=C65)(C)C)C.[Na+],0
4677798,CCC(C)(C)C(=O)OC1CC(C=C2C1C(C(C=C2)C)CCC3CC(CC(=O)O3)O)C,1
5267,CC(=O)SC1CC2=CC(=O)CCC2(C3C1C4CCC5(C4(CC3)C)CCC(=O)O5)C,1
5155,CC1=CN(C(=O)NC1=O)C2C=CC(O2)CO,1
5297,CC1C(C(C(O1)OC2C(C(C(C(C2O)O)N=C(N)N)O)N=C(N)N)OC3C(C(C(C(O3)CO)O)O)NC)(C=O)O,0
5215,C1=CN=C(N=C1)NS(=O)(=O)C2=CC=C(C=C2)N,1
5339,C1=CC=NC(=C1)NS(=O)(=O)C2=CC=C(C=C2)N=NC3=CC(=C(C=C3)O)C(=O)O,1
5352,CC1=C(C2=C(C1=CC3=CC=C(C=C3)S(=O)C)C=CC(=C2)F)CC(=O)O,1
5376,CCC(=C(C1=CC=CC=C1)C2=CC=C(C=C2)OCCN(C)C)C3=CC=CC=C3,1
5394,CN1C(=O)N2C=NC(=C2N=N1)C(=O)N,1
2153,CN1C2=C(C(=O)N(C1=O)C)NC=N2,0
5487,C1CN=C(N1)NC2=C(C=CC3=NSN=C32)Cl,1
4659569,CC1=CC=C(C=C1)C(=O)C2=CC(=C(C(=C2)O)O)[N+](=O)[O-],1
3121,CCCC(CCC)C(=O)O,1
5651,CC1C(C(CC(O1)OC2C(C(C(OC2OC3=C4C=C5C=C3OC6=C(C=C(C=C6)C(C(C(=O)NC(C(=O)NC5C(=O)NC7C8=CC(=C(C=C8)O)C9=C(C=C(C=C9O)O)C(NC(=O)C(C(C1=CC(=C(O4)C=C1)Cl)O)NC7=O)C(=O)O)CC(=O)N)NC(=O)C(CC(C)C)NC)O)Cl)CO)O)O)(C)N)O,1
1071,CC1=C(C(CCC1)(C)C)C=CC(=CC=CC(=CCO)C)C,1
5726,CC1=CN(C(=O)NC1=O)C2CC(C(O2)CO)N=[N+]=[N-],1
5732,CC1=CC=C(C=C1)C2=C(N3C=C(C=CC3=N2)C)CC(=O)N(C)C,0
5734,C1=CC=C2C(=C1)C(=NO2)CS(=O)(=O)N,1
1046,C1=CN=C(C=N1)C(=O)N,1
3350,CC12CCC3C(C1CCC2C(=O)NC(C)(C)C)CCC4C3(C=CC(=O)N4)C,1
5591,CC1=C(C2=C(CCC(O2)(C)COC3=CC=C(C=C3)CC4C(=O)NC(=O)S4)C(=C1O)C)C,1
3403,CC(C)N1C2=CC=CC=C2C(=C1C=CC(CC(CC(=O)O)O)O)C3=CC=C(C=C3)F,1
3476,CCC1=C(CN(C1=O)C(=O)NCCC2=CC=C(C=C2)S(=O)(=O)NC(=O)NC3CCC(CC3)C)C,1
5656,CN(C)CC(C1=CC=C(C=C1)OC)C2(CCCCC2)O,1
2162,CCOC(=O)C1=C(NC(=C(C1C2=CC=CC=C2Cl)C(=O)OC)C)COCCN,1
3823887,CCC1(CC2CC(C3=C(CCN(C2)C1)C4=CC=CC=C4N3)(C5=C(C=C6C(=C5)C78CCN9C7C(C=CC9)(C(C(C8N6C)(C(=O)OC)O)OC(=O)C)CC)OC)C(=O)OC)O,0
2764,C1CC1N2C=C(C(=O)C3=CC(=C(C=C32)N4CCNCC4)F)C(=O)O,1
3365,C1=CC(=C(C=C1F)F)C(CN2C=NC=N2)(CN3C=NC=N3)O,1
4900,CC12CC(=O)C3C(C1CCC2(C(=O)CO)O)CCC4=CC(=O)C=CC34C,1
3958,C1=CC=C(C(=C1)C2=NC(C(=O)NC3=C2C=C(C=C3)Cl)O)Cl,0
3793,CCC(C)N1C(=O)N(C=N1)C2=CC=C(C=C2)N3CCN(CC3)C4=CC=C(C=C4)OCC5COC(O5)(CN6C=NC=N6)C7=C(C=C(C=C7)Cl)Cl,1
5035,C1CCN(CC1)CCOC2=CC=C(C=C2)C(=O)C3=C(SC4=C3C=CC(=C4)O)C5=CC=C(C=C5)O,0
4196,CC#CC1(CCC2C1(CC(C3=C4CCC(=O)C=C4CCC23)C5=CC=C(C=C5)N(C)C)C)O,0
2801,CN(C)CCCN1C2=CC=CC=C2CCC3=C1C=C(C=C3)Cl,1
4889,CCC(C)C(=O)OC1CC(C=C2C1C(C(C=C2)C)CCC(CC(CC(=O)O)O)O)O,1
4663848,CCC1C(C(C(C(=O)C(CC(C(C(C(C(C(=O)O1)C)OC2CC(C(C(O2)C)O)(C)OC)C)OC3C(C(CC(O3)C)N(C)C)O)(C)OC)C)C)O)(C)O,1
3640,CC12CCC(=O)C=C1CCC3C2C(CC4(C3CCC4(C(=O)CO)O)C)O,0
4920,CC(=O)C1CCC2C1(CCC3C2CCC4=CC(=O)CCC34C)C,1
3249,CC(C)C(C)C=CC(C)C1CCC2C1(CCCC2=CC=C3CC(CCC3=C)O)C,0
3672,CC(C)CC1=CC=C(C=C1)C(C)C(=O)O,1
3779,CC(C)NCC(C1=CC(=C(C=C1)O)O)O,0
3826,C1CN2C(=CC=C2C(=O)C3=CC=CC=C3)C1C(=O)O,1
4927,CC(CN1C2=CC=CC=C2SC3=CC=CC=C31)N(C)C,1
4594,CC1=CN=C(C(=C1OC)C)CS(=O)C2=NC3=C(N2)C=C(C=C3)OC,1
2585,COC1=CC=CC=C1OCCNCC(COC2=CC=CC3=C2C4=CC=CC=C4N3)O,1
596,C1=CN(C(=O)N=C1N)C2C(C(C(O2)CO)O)O,1
4745,CCCN1CC(CC2C1CC3=CNC4=CC=CC2=C34)CSC,0
4499,CC1=C(C(C(=C(N1)C)C(=O)OCC(C)C)C2=CC=CC=C2[N+](=O)[O-])C(=O)OC,0
2771,CN(C)CCCC1(C2=C(CO1)C=C(C=C2)C#N)C3=CC=C(C=C3)F,1
4160,CC12CCC(=O)C=C1CCC3C2CCC4(C3CCC4(C)O)C,1
5408,CC12CCC3C(C1CCC2O)CCC4=CC(=O)CCC34C,1
4891,C1CCC(CC1)C(=O)N2CC3C4=CC=CC=C4CCN3C(=O)C2,0
5472,C1CN(CC2=C1SC=C2)CC3=CC=CC=C3Cl,1
3016,CN1C(=O)CN=C(C2=C1C=CC(=C2)Cl)C3=CC=CC=C3,0
2800,CCN(CC)CCOC1=CC=C(C=C1)C(=C(C2=CC=CC=C2)Cl)C3=CC=CC=C3,1
5538,CC1=C(C(CCC1)(C)C)C=CC(=CC=CC(=CC(=O)O)C)C,1
4638,CC12CCC3C(C1CCC2(C)O)CCC4C3(CC(=CO)C(=O)C4)C,1
3308,CCC1=C2C(=CC=C1)C3=C(N2)C(OCC3)(CC)CC(=O)O,1
3478,CC1=CN=C(C=N1)C(=O)NCCC2=CC=C(C=C2)S(=O)(=O)NC(=O)NC3CCCCC3,1
4723,C1=CC=C(C=C1)C2C(=O)N=C(O2)N,1
2812,C1=CC=C(C=C1)C(C2=CC=CC=C2)(C3=CC=CC=C3Cl)N4C=CN=C4,1
2662,CC1=CC=C(C=C1)C2=CC(=NN2C3=CC=C(C=C3)S(=O)(=O)N)C(F)(F)F,1
2170,C1CN(CCN1)C2=NC3=CC=CC=C3OC4=C2C=C(C=C4)Cl,0
23667529,CC(=O)NC1=C(C(=C(C(=C1I)C(=O)[O-])I)C(=O)NC)I.[Na+],0
2250,CC(C)C1=C(C(=C(N1CCC(CC(CC(=O)O)O)O)C2=CC=C(C=C2)F)C3=CC=CC=C3)C(=O)NC4=CC=CC=C4,1
135398745,CC1=CC2=C(S1)NC3=CC=CC=C3N=C2N4CCN(CC4)C,1
4463,CC1=C2C(=NC=C1)N(C3=C(C=CC=N3)C(=O)N2)C4CC4,1
4909,CCC1(C(=O)NCNC1=O)C2=CC=CC=C2,0
5672,CCC1=CC2CC(C3=C(CN(C2)C1)C4=CC=CC=C4N3)(C5=C(C=C6C(=C5)C78CCN9C7C(C=CC9)(C(C(C8N6C)(C(=O)OC)O)OC(=O)C)CC)OC)C(=O)OC,0
2187,CC(C)(C#N)C1=CC(=CC(=C1)CN2C=NC=N2)C(C)(C)C#N,1
5029,CC1=C(C=CN=C1CS(=O)C2=NC3=CC=CC=C3N2)OCCCOC,1
5503,CC1=CC=C(C=C1)S(=O)(=O)NC(=O)NN2CCCCCC2,1
5002,C1CN(CCN1CCOCCO)C2=NC3=CC=CC=C3SC4=CC=CC=C42,1
3324,CC(=O)OCC(CCN1C=NC2=CN=C(N=C21)N)COC(=O)C,0
2249,CC(C)NCC(COC1=CC=C(C=C1)CC(=O)N)O,1
2333,CCC1=C(C2=CC=CC=C2O1)C(=O)C3=CC(=C(C(=C3)Br)O)Br,1
2443,CC(C)CC1C(=O)N2CCCC2C3(N1C(=O)C(O3)(C(C)C)NC(=O)C4CN(C5CC6=C(NC7=CC=CC(=C67)C5=C4)Br)C)O,1
2478,CS(=O)(=O)OCCCCOS(=O)(=O)C,1
2708,C1=CC(=CC=C1CCCC(=O)O)N(CCCl)CCCl,1
135398737,CN1CCN(CC1)C2=NC3=C(C=CC(=C3)Cl)NC4=CC=CC=C42,1
2942,CN(C)N=NC1=C(NC=N1)C(=O)N,1
2955,C1=CC(=CC=C1N)S(=O)(=O)C2=CC=C(C=C2)N,1
3062,CC1C(C(CC(O1)OC2C(OC(CC2O)OC3C(OC(CC3O)OC4CCC5(C(C4)CCC6C5CC(C7(C6(CCC7C8=CC(=O)OC8)O)C)O)C)C)C)O)O,0
3117,CCN(CC)C(=S)SSC(=S)N(CC)CC,1
3222,CCOC(=O)C(CCC1=CC=CC=C1)NC(C)C(=O)N2CCCC2C(=O)O,1
3440,C1=COC(=C1)CNC2=CC(=C(C=C2C(=O)O)S(=O)(=O)N)Cl,0
3446,C1CCC(CC1)(CC(=O)O)CN,1
3488,COC1=C(C=C(C=C1)Cl)C(=O)NCCC2=CC=C(C=C2)S(=O)(=O)NC(=O)NC3CCCCC3,1
3767,C1=CN=CC=C1C(=O)NN,1
3883,CC1=C(C=CN=C1CS(=O)C2=NC3=CC=CC=C3N2)OCC(F)(F)F,1
4030,COC(=O)NC1=NC2=C(N1)C=C(C=C2)C(=O)C3=CC=CC=C3,1
4171,CC(C)NCC(COC1=CC=C(C=C1)CCOC)O,1
4428,C1CC1CN2CCC34C5C(=O)CCC3(C2CC6=C4C(=C(C=C6)O)O5)O,0
938,C1=CC(=CN=C1)C(=O)O,1
4485,CC1=C(C(C(=C(N1)C)C(=O)OC)C2=CC=CC=C2[N+](=O)[O-])C(=O)OC,1
4495,CS(=O)(=O)NC1=C(C=C(C=C1)[N+](=O)[O-])OC2=CC=CC=C2,1
4513,CNC(=C[N+](=O)[O-])NCCSCC1=CSC(=N1)CN(C)C,1
206,C(C1C(C(C(C(O1)O)O)O)O)O,0
23666456,CC(C(=O)[O-])O.[Na+],0
2520,CC(C)C(CCCN(C)CCC1=CC(=C(C=C1)OC)OC)(C#N)C2=CC(=C(C=C2)OC)OC,1
2809,C1=CC=C(C=C1)C2=NC(C(=O)NC3=C2C=C(C=C3)Cl)C(=O)O,0
32281,C1CC(N(C1)C(=O)C(CC2=CN=CN2)NC(=O)C3CCC(=O)N3)C(=O)N,0
32800,CSCCC(C(=O)NCC(=O)NC(CC1=CNC2=CC=CC=C21)C(=O)NC(CCSC)C(=O)NC(CC(=O)O)C(=O)NC(CC3=CC=CC=C3)C(=O)N)NC(=O)C(CC4=CC=C(C=C4)OS(=O)(=O)O)NC(=O)C(CC(=O)O)N,0
16129665,CC(C)CC(C(=O)NC(C(C)C)C(=O)O)NC(=O)CNC(=O)C(CCC(=O)N)NC(=O)C(CC(C)C)NC(=O)C(CC(C)C)NC(=O)C(CCCNC(=N)N)NC(=O)C(CCC(=O)N)NC(=O)C(CC(C)C)NC(=O)C(CCCNC(=N)N)NC(=O)C(C)NC(=O)C(CO)NC(=O)C(CC(=O)O)NC(=O)C(CCCNC(=N)N)NC(=O)C(CC(C)C)NC(=O)C(CCCNC(=N)N)NC(=O)C(CO)NC(=O)C(CC(C)C)NC(=O)C(CCC(=O)O)NC(=O)C(CO)NC(=O)C(C(C)O)NC(=O)C(CC1=CC=CC=C1)NC(=O)C(C(C)O)NC(=O)CNC(=O)C(CC(=O)O)NC(=O)C(CO)NC(=O)C(CC2=NC=CN2)N,0
24014,Cl[Cu]Cl,0
71433,C(CNCCNCCN)N.Cl.Cl,0
2909,CCC1C(=O)N(CC(=O)N(C(C(=O)NC(C(=O)N(C(C(=O)NC(C(=O)NC(C(=O)N(C(C(=O)N(C(C(=O)N(C(C(=O)N(C(C(=O)N1)C(C(C)CC=CC)O)C)C(C)C)C)CC(C)C)C)CC(C)C)C)C)C)CC(C)C)C)C(C)C)CC(C)C)C)C,1
16886,C1C(C(OC1N2C=NC(=NC2=O)N)CO)O,0
2973,CC(=O)N(CCCCCNC(=O)CCC(=O)N(CCCCCNC(=O)CCC(=O)N(CCCCCN)O)O)O,1
54681536,CC1C2C(C3C(C(=O)C(=C(C3(C(=O)C2=C(C4=C1C=CC=C4O)O)O)O)C(=O)N)N(C)C)O,1
4460995,CC12CCC3C(C1CCC2=O)CC(=C)C4=CC(=O)C=CC34C,1
3333,CCOC(=O)C1=C(NC(=C(C1C2=C(C(=CC=C2)Cl)Cl)C(=O)OC)C)C,1
541123,CC12CCC(=O)C=C1CCC3C2(C(CC4(C3CCC4(C(=O)CO)O)C)O)F,0
3372,C1CN(CCN1CCCN2C3=CC=CC=C3SC4=C2C=C(C=C4)C(F)(F)F)CCO,0
123631,COC1=C(C=C2C(=C1)N=CN=C2NC3=CC(=C(C=C3)F)Cl)OCCCN4CCOCC4,1
3559,C1CN(CCC1(C2=CC=C(C=C2)Cl)O)CCCC(=O)C3=CC=C(C=C3)F,1
4075,C1=CC(=C(C=C1N)C(=O)O)O,1
54687237,CN(C)C1C2CC3CC4=C(C=CC(=C4C(=C3C(=O)C2(C(=C(C1=O)C(=O)N)O)O)O)O)N(C)C,1
3741,C(CO)N(C1=C(C(=C(C(=C1I)C(=O)NCC(CO)O)I)C(=O)NCC(CO)O)I)C(=O)CO,0
4614,C1=CC=C(C=C1)C2=C(OC(=N2)CCC(=O)O)C3=CC=CC=C3,1
4666,CC1=C2C(C(=O)C3(C(CC4C(C3C(C(C2(C)C)(CC1OC(=O)C(C(C5=CC=CC=C5)NC(=O)C6=CC=CC=C6)O)O)OC(=O)C7=CC=CC=C7)(CO4)OC(=O)C)O)C)OC(=O)C,1
5775,CC1=CC=C(C=C1)N(CC2=NCCN2)C3=CC(=CC=C3)O,0
4893,COC1=C(C=C2C(=C1)C(=NC(=N2)N3CCN(CC3)C(=O)C4=CC=CO4)N)OC,0
4917,CN1CCN(CC1)CCCN2C3=CC=CC=C3SC4=C2C=C(C=C4)Cl,1
73897518,CCC(C)C(C(=O)NC(CO)C(=O)NC(CC(C)C)C(=O)NC(CC(=O)O)C(=O)NC(CC(C)C)C(=O)NC(C(C)O)C(=O)NC(CC1=CC=CC=C1)C(=O)NC(CC2=CN=CN2)C(=O)NC(CC(C)C)C(=O)NC(CC(C)C)C(=O)NC(CCCNC(=N)N)C(=O)NC(CCC(=O)O)C(=O)NC(C(C)C)C(=O)NC(CC(C)C)C(=O)NC(CCC(=O)O)C(=O)NC(CCSC)C(=O)NC(C(C)O)C(=O)NC(CCCCN)C(=O)NC(C)C(=O)NC(CC(=O)O)C(=O)NC(CCC(=O)N)C(=O)NC(CC(C)C)C(=O)NC(C)C(=O)NC(CCC(=O)N)C(=O)NC(CCC(=O)N)C(=O)NC(C)C(=O)NC(CC3=CN=CN3)C(=O)NC(CO)C(=O)NC(CC(=O)N)C(=O)NC(CCCNC(=N)N)C(=O)NC(CCCCN)C(=O)NC(CC(C)C)C(=O)NC(CC(C)C)C(=O)NC(CC(=O)O)C(=O)NC(C(C)CC)C(=O)NC(C)C(=O)N)NC(=O)C4CCCN4C(=O)C5CCCN5C(=O)C(CCC(=O)O)NC(=O)C(CCC(=O)N)NC(=O)C(CO)N,0
24477,[O-]S(=O)(=S)[O-].[Na+].[Na+],0
5040,CC1CCC2CC(C(=CC=CC=CC(CC(C(=O)C(C(C(=CC(C(=O)CC(OC(=O)C3CCCCN3C(=O)C(=O)C1(O2)O)C(C)CC4CCC(C(C4)OC)O)C)C)O)OC)C)C)C)OC,1
5372,CC1CC(C2C(CC(C(O2)(C(=O)C(=O)N3CCCCC3C(=O)OC(C(C(CC(=O)C(C=C(C1)C)CC=C)O)C)C(=CC4CCC(C(C4)OC)O)C)O)C)OC)OC,1
5426,C1CC(=O)NC(=O)C1N2C(=O)C3=CC=CC=C3C2=O,1
5452,CN1CCCCC1CCN2C3=CC=CC=C3SC4=C2C=C(C=C4)SC,1
2723601,C1=NC2=C(N1)C(=S)N=C(N2)N,1
5505,CCCCNC(=O)NS(=O)(=O)C1=CC=C(C=C1)C,0
5514,CC1(OC2COC3(C(C2O1)OC(O3)(C)C)COS(=O)(=O)N)C,1
5566,CN1CCN(CC1)CCCN2C3=CC=CC=C3SC4=C2C=C(C=C4)C(F)(F)F,0
25091037,CC(C)CC(C(=O)NC(CCCN=C(N)N)C(=O)N1CCCC1C(=O)NCC(=O)N)NC(=O)C(CC2=CNC3=CC=CC=C32)NC(=O)C(CC4=CC=C(C=C4)O)NC(=O)C(CO)NC(=O)C(CC5=CNC6=CC=CC=C65)NC(=O)C(CC7=CN=CN7)NC(=O)C8CCC(=O)N8.C1=CC=C2C(=C1)C=C(C(=C2CC3=C(C(=CC4=CC=CC=C43)C(=O)O)O)O)C(=O)O,1
18707084,CC(C(=O)NC(C)C(=O)NC1C2C1CN(C2)C3=C(C=C4C(=O)C(=CN(C4=N3)C5=C(C=C(C=C5)F)F)C(=O)O)F)N.CS(=O)(=O)O,1
5311,C1=CC=C(C=C1)NC(=O)CCCCCCC(=O)NO,0
53395955,CCC(C)C1C(=O)NC(C(=O)NC(C(=O)NC(C(=O)NC(C(=O)NCC(=O)NC(C(=O)NCC(=O)NC(CSSCC(C(=O)NC(C(=O)NCC(=O)NC(C(=O)NC(C(=O)NC(C(=O)NC(C(=O)NC(C(=O)N1)CCCNC(=N)N)CC(=O)O)CCSC)CCCCN)CCCNC(=N)N)CC2=CC=CC=C2)NC(=O)CNC(=O)C(CO)NC(=O)CNC(=O)C(CCC(=O)N)NC(=O)C(C(C)C)NC(=O)C(CCSC)NC(=O)C(CCCCN)NC(=O)C3CCCN3C(=O)C(CO)N)C(=O)NC(CCCCN)C(=O)NC(C(C)C)C(=O)NC(CC(C)C)C(=O)NC(CCCNC(=N)N)C(=O)NC(CCCNC(=N)N)C(=O)NC(CC4=CNC=N4)C(=O)O)CC(C)C)CO)CO)CO)CO,0
118797157,CCNC(=NCCCCC(C(=O)NC(CC(C)C)C(=O)NC(CCCCN=C(NCC)NCC)C(=O)N1CCCC1C(=O)NC(C)C(=O)N)NC(=O)C(CC2=CC=C(C=C2)O)NC(=O)C(CO)NC(=O)C(CC3=CN=CC=C3)NC(=O)C(CC4=CC=C(C=C4)Cl)NC(=O)C(CC5=CC6=CC=CC=C6C=C5)NC(=O)C)NCC.CC(=O)O.CC(=O)O,0
4159,CC1CC2C3CCC(C3(CC(C2C4(C1=CC(=O)C=C4)C)O)C)(C(=O)CO)O,1
10413,C(CC(=O)O)CO,0
60918,CCCCCN=C(N)NN=CC1=CNC2=C1C=C(C=C2)OC,0
4727,CC(C)(C(C(=O)O)N)S,1
139600705,CCC(C)C(C(=O)NC(CC(C)C)C(=O)N1CCCC1C(=O)N2CCCC2C(=O)NC(C(C)O)C(=O)NC(CC(=O)N)C(=O)NC(C(C)C)C(=O)NCC(=O)NC(CO)C(=O)NC(CC(=O)N)C(=O)NC(C(C)O)C(=O)NC(CC3=CC=C(C=C3)O)C(=O)N)NC(=O)C4CCCN4C(=O)CNC(=O)C(CC5=CC=CC=C5)NC(=O)C(CC(=O)N)NC(=O)C(CC(=O)N)NC(=O)C(CO)NC(=O)C(CO)NC(=O)C(CC6=CNC=N6)NC(=O)C(C(C)C)NC(=O)C(CC(C)C)NC(=O)C(CC7=CC=CC=C7)NC(=O)C(CC(=O)N)NC(=O)C(C)NC(=O)C(CC(C)C)NC(=O)C(CCCNC(=N)N)NC(=O)C(CCC(=O)N)NC(=O)C(C(C)O)NC(=O)C(C)NC(=O)C8CSSCC(C(=O)NC(C(=O)NC(C(=O)NC(C(=O)NC(C(=O)N8)C(C)O)C)C(C)O)CC(=O)N)NC(=O)C(CCCCN)N,0
168924,C(=O)([O-])[O-].C(=O)([O-])[O-].C(=O)([O-])[O-].[La+3].[La+3],0
1986,CC(=O)NC1=NN=C(S1)S(=O)(=O)N,1
2082,CCCSC1=CC2=C(C=C1)N=C(N2)NC(=O)OC,1
2118,CC1=NN=C2N1C3=C(C=C(C=C3)Cl)C(=NC2)C4=CC=CC=C4,1
2123,CN(C)C1=NC(=NC(=N1)N(C)C)N(C)C,0
2130,C1C2CC3CC1CC(C2)(C3)N,0
4649,C1=CC(=C(C=C1N)O)C(=O)O,1
2171,CC1(C(N2C(S1)C(C2=O)NC(=O)C(C3=CC=C(C=C3)O)N)C(=O)O)C,1
3661,CN1C2CCC1CC(C2)OC(=O)C(CO)C3=CC=CC=C3,0
39941,CC(C1=CC2=C(C=C1)OC(=N2)C3=CC=C(C=C3)Cl)C(=O)O,1
9837769,C1C(OC(S1)CO)N2C=C(C(=NC2=O)N)F,0
5596,C1CC[N+]2(C1)C3CCC2CC(C3)OC(=O)C(C4=CC=CC=C4)(C5=CC=CC=C5)O,0
60726,C1=CC(=C(C(=C1)C(=O)C2=CC=C(C=C2)Br)N)CC(=O)O,1
73049652,C1CC(CCC1OP(=O)([O-])OCC(CN(CCN(CC(=O)[O-])CC(=O)[O-])CC(=O)[O-])N(CC(=O)[O-])CC(=O)[O-])(C2=CC=CC=C2)C3=CC=CC=C3.[Na+].[Na+].[Na+].[Gd+3],0
2802,C1C(=O)NC2=C(C=C(C=C2)[N+](=O)[O-])C(=N1)C3=CC=CC=C3Cl,1
53396299,CCC(C)C(C(=O)NC(CCC(=O)O)C(=O)NC(CC1=CNC2=CC=CC=C21)C(=O)NC(CC(C)C)C(=O)NC(CCCCN)C(=O)NC(CC(=O)N)C(=O)NCC(=O)NCC(=O)N3CCCC3C(=O)NC(CO)C(=O)NC(CO)C(=O)NCC(=O)NC(C)C(=O)N4CCCC4C(=O)N5CCCC5C(=O)N6CCCC6C(=O)NC(CO)C(=O)N)NC(=O)C(CC7=CC=CC=C7)NC(=O)C(CC(C)C)NC(=O)C(CCCNC(=N)N)NC(=O)C(C(C)C)NC(=O)C(C)NC(=O)C(CCC(=O)O)NC(=O)C(CCC(=O)O)NC(=O)C(CCC(=O)O)NC(=O)C(CCSC)NC(=O)C(CCC(=O)N)NC(=O)C(CCCCN)NC(=O)C(CO)NC(=O)C(CC(C)C)NC(=O)C(CC(=O)O)NC(=O)C(CO)NC(=O)C(C(C)O)NC(=O)C(CC8=CC=CC=C8)NC(=O)C(C(C)O)NC(=O)CNC(=O)C(CCC(=O)O)NC(=O)CNC(=O)C(CC9=CNC=N9)N,0
135605572,C=C1C(CC(C1CO)O)N2C=NC3=C2N=C(NC3=O)N,0
2949,CC12CCC3C(C1CCC2(C#C)O)CCC4=CC5=C(CC34C)C=NO5,1
2958,CC1C(C(CC(O1)OC2CC(CC3=C2C(=C4C(=C3O)C(=O)C5=C(C4=O)C(=CC=C5)OC)O)(C(=O)C)O)N)O,0
10660,CN1C2=C(C(=O)N(C1=O)C)NC(=N2)Cl.CN(C)CCOC(C1=CC=CC=C1)C2=CC=CC=C2,0
3156,CCN1CC(C(C1=O)(C2=CC=CC=C2)C3=CC=CC=C3)CCN4CCOCC4,0
134018,CC1=C(SC(=N1)C2=CC(=C(C=C2)OCC(C)C)C#N)C(=O)O,1
3510,CN1C2CCCC1CC(C2)NC(=O)C3=NN(C4=CC=CC=C43)C,0
3512,CC1CC(=O)C=C(C12C(=O)C3=C(O2)C(=C(C=C3OC)OC)Cl)OC,1
3637,C1=CC=C2C(=C1)C=NN=C2NN,1
15250,CC(C)CC1=CC=C(C=C1)CC(=O)O,1
3690,C1CN(P(=O)(OC1)NCCCl)CCCl,1
214348,C1=CC=C(C(=C1)C2=NN(C(=N2)C3=CC=CC=C3O)C4=CC=C(C=C4)C(=O)O)O,1
3086686,CCN(CC)CCNC(=O)C1=C(NC(=C1C)C=C2C3=C(C=CC(=C3)F)NC2=O)C,1
3877,C1C(OC(S1)CO)N2C=CC(=NC2=O)N,1
53395210,C[N+]1(CCC23C4C(=O)CCC2(C1CC5=C3C(=C(C=C5)O)O4)O)CC6CC6.[Br-],0
3902,C1=CC(=CC=C1C#N)C(C2=CC=C(C=C2)C#N)N3C=NC=N3,1
125017,CN(C)CC(C1=CC=C(C=C1)O)C2(CCCCC2)O,1
3948,CCN1C=C(C(=O)C2=CC(=C(C(=C21)F)N3CCNC(C3)C)F)C(=O)O,0
3950,C1CCC(CC1)NC(=O)N(CCCl)N=O,1
3962,CCC(C)C(=O)OC1CC(C=C2C1C(C(C=C2)C)CCC3CC(CC(=O)O3)O)C,1
1134,CC1=CN(C(=O)NC1=O)C2CC(C(O2)CO)O,0
1349907,CN1C=CNC1=S,1
4107,COC1=CC=CC=C1OCC(COC(=O)N)O,0
4173,CC1=NC=C(N1CCO)[N+](=O)[O-],1
4201,C1CCN(CC1)C2=NC(=N)N(C(=C2)N)O,0
351727,CC1=C(C(=O)C2=C(C1=O)N3CC4C(C3(C2COC(=O)N)OC)N4)N,1
4236,C1=CC=C(C=C1)C(C2=CC=CC=C2)S(=O)CC(=O)N,1
23161409,CC(C)C(=O)OC1=C(C=C(C=C1)CO)C(CCN(C(C)C)C(C)C)C2=CC=CC=C2,0
4425,C=CCN1CCC23C4C(=O)CCC2(C1CC5=C3C(=C(C=C5)O)O4)O,0
1302,CC(C1=CC2=C(C=C1)C=C(C=C2)OC)C(=O)O,1
4443,CC(C)C1CCC(CC1)C(=O)NC(CC2=CC=CC=C2)C(=O)O,0
4454,C1C(C(C(C(C1N)OC2C(C(C(C(O2)CN)O)O)N)OC3C(C(C(O3)CO)OC4C(C(C(C(O4)CN)O)O)N)O)O)N,0
55182,C1CN(CCN1CCOCC(=O)O)C(C2=CC=CC=C2)C3=CC=C(C=C3)Cl.Cl.Cl,1
4568,CC1C=CC=CCCC=CC=CC=CC=CC(CC2C(C(CC(O2)(CC(C(CCC(CC(CC(CC(=O)OC(C(C1O)C)C)O)O)O)O)O)O)O)C(=O)O)OC3C(C(C(C(O3)C)O)N)O,0
54686003,CC1(C2C(C3C(C(=O)C(=C(C3(C(=O)C2=C(C4=C1C=CC=C4O)O)O)O)C(=O)N)N(C)C)O)O,0
4679,COC1=C(C(=NC=C1)CS(=O)C2=NC3=C(N2)C=C(C=C3)OC(F)F)OC,1
4894,CC12CC(C3C(C1CCC2(C(=O)CO)O)CCC4=CC(=O)C=CC34C)O,1
4908,CC(CCCN)NC1=C2C(=CC(=C1)OC)C=CC=N2,0
4915,CC(C)NC(=O)C1=CC=C(C=C1)CNNC,1
197712,CC1=CC(=NC(=N1)OC(C(=O)O)C(C2=CC=CC=C2)(C3=CC=CC=C3)OC)C,0
5193,CCCC(C)C1(C(=O)NC(=O)NC1=O)CC=C,0
5203,CNC1CCC(C2=CC=CC=C12)C3=CC(=C(C=C3)Cl)Cl,1
5253,CC(C)NCC(C1=CC=C(C=C1)NS(=O)(=O)C)O,0
5340,C1=CC(=CC=C1N)S(=O)(=O)NC2=NC=CS2,1
5402,CC(C)(C)C#CC=CCN(C)CC1=CC=CC2=CC=CC=C21,1
5430,C1=CC=C2C(=C1)NC(=N2)C3=CSC=N3,1
38409,C1=CSC(=C1)C(=O)C2=C(C(=C(C=C2)OCC(=O)O)Cl)Cl,1
5479,CCS(=O)(=O)CCN1C(=NC=C1[N+](=O)[O-])C,1
22570509,CC1=NN=C(N1C2CC3CCC(C2)N3CCC(C4=CC=CC=C4)NC(=O)C5CCC(CC5)(F)F)C(C)C,1
54671008,CC1=NN=C(O1)C(=O)NC(C)(C)C2=NC(=C(C(=O)N2C)O)C(=O)NCC3=CC=C(C=C3)F,1
153994,CCCC(=O)OCOC(=O)C1=C(NC(=C(C1C2=C(C(=CC=C2)Cl)Cl)C(=O)OC)C)C,0
481696,C1C2C(C2N)CN1C3=C(C=C4C(=O)C(=CN(C4=N3)C5=C(C=C(C=C5)F)F)C(=O)O)F,1
22451303,CNC(=O)C1=CN(N=C1)C2=NC(=C3C(=N2)N(C=N3)C4C(C(C(O4)CO)O)O)N,0
54678486,CC(=O)CC(C1=CC=CC=C1)C2=C(C3=CC=CC=C3OC2=O)O,1
5719,CCN(C1=CC=CC(=C1)C2=CC=NC3=C(C=NN23)C#N)C(=O)C,0
60490,CC(C1=CC2=CC=CC=C2S1)N(C(=O)N)O,1
6432052,[O-2].[O-2].[O-2].[O-2].[Fe+2].[Fe+3].[Fe+3],0
193962,CC1=CC(=CC(=C1OC2=NC(=NC(=C2Br)N)NC3=CC=C(C=C3)C#N)C)C#N,1
9891967,CC(CC1=CC2=C(C(=C1)C(=O)N)N(CC2)CCCO)NCCOC3=CC=CC=C3OCC(F)(F)F,0
3038498,CC(C)C1=C(C(=CC=C1)C(C)C)OCOP(=O)(O)O,1
65628,CN1C2=C(C=C(C=C2)N(CCCl)CCCl)N=C1CCCC(=O)O,0
216237,CC1=CC=CC=C1C(=O)NC2=CC(=C(C=C2)C(=O)N3CCCC(C4=C3C=CC(=C4)Cl)O)C,1
135449331,CC1=C(C=C(C=C1)N2C(=O)C(=C(N2)C)N=NC3=CC=CC(=C3O)C4=CC(=CC=C4)C(=O)O)C.C(CO)N.C(CO)N,1
6433091,CCC(C1=CC(=CC=C1)O)C(C)CN(C)C,0
10158453,CC(=O)OC1=CC2=C(S1)CCN(C2)C(C3=CC=CC=C3F)C(=O)C4CC4.Cl,1
58391580,C1C2CC2N(C1C#N)C(=O)C(C34CC5CC(C3)CC(C5)(C4)O)N,0
3425,CC=C1C(=O)NC(C(=O)OC2CC(=O)NC(C(=O)NC(CSSCCC=C2)C(=O)N1)C(C)C)C(C)C,0
208898,CCCCC1=C(C2=C(O1)C=CC(=C2)NS(=O)(=O)C)C(=O)C3=CC=C(C=C3)OCCCN(CCCC)CCCC,1
10113978,CC1=C(C=C(C=C1)NC2=NC=CC(=N2)N(C)C3=CC4=NN(C(=C4C=C3)C)C)S(=O)(=O)N,1
156963360,CCC(C)C1C(=O)NC(C(=O)NCC(=O)NCC(=O)NC2CSSCC3C(=O)NC(C(=O)NC(C(=O)NC(C(=O)NC(C(=O)N4CCCC4C(=O)NC(C(=O)NC(C(=O)NC(C(=O)NC(C(=O)NC(C(=O)NC(C(=O)NC(C(=O)NC(C(=O)NC(C(=O)NC(C(=O)NC(CSSCC(C(=O)NC(C(=O)NC(C(=O)NC(C(=O)NC(CSSCC(C(=O)NC(C(=O)NC(C(=O)NC(C(=O)NC(C(=O)NC(C(=O)NC(C(=O)NCC(=O)N5CCCC5C(=O)N3)CC(=O)O)CC(=O)O)C)CCCCN)CC6=CC=CC=C6)C)NC(=O)C(CC7=CC=CC=C7)NC(=O)C(CO)NC(=O)C(CC8=CN=CN8)NC(=O)C(CCSC)NC(=O)C(C)NC(=O)C(CCC(=O)O)N)C(=O)NC(C(C)O)C(=O)NC(CCCNC(=N)N)C(=O)NC(CC(=O)O)C(=O)O)CCSC)CCCCN)CCCCN)NC(=O)C(NC(=O)C(NC(=O)C(NC(=O)C(NC(=O)C(NC(=O)C(NC(=O)C(NC(=O)C(NC(=O)C(NC(=O)C(NC(=O)CNC(=O)C(NC2=O)CCC(=O)O)CC(=O)N)CCC(=O)N)CC(=O)N)CCCNC(=N)N)CC9=CC=CC=C9)CCC(=O)O)CO)CC(C)C)CCC(=O)O)CCC(=O)O)C(=O)NC(C(=O)NC(C(=O)NC(C(=O)N1)CC1=CC=CC=C1)CCC(=O)O)CCC(=O)O)CCC(=O)N)CCCNC(=N)N)C(C)O)CC1=CC=CC=C1)C(C)CC)CC(=O)N)CC1=CC=CC=C1)CC1=CC=CC=C1)CC1=CNC2=CC=CC=C21)CCCNC(=N)N)CC1=CN=CN1)C)C)CCCNC(=N)N)CC1=CC=C(C=C1)O,0
22227467,CCCC(CCC)C(=O)O.CCCC(CCC)C(=O)[O-].[Na+],1
151166,CC1=CC(=C(C=C1)NC2=C(C=CC=C2Cl)F)CC(=O)O,1
60919,CC1=C2CCC(=O)N(C2=NC(=N1)C)CC3=CC=C(C=C3)C4=CC=CC=C4C5=NNN=N5,1
31315,C1=CC=C2C(=C1)C(C(=O)N2)(C3=CC=C(C=C3)O)C4=CC=C(C=C4)O,1
65592,CC1=CC(=C(C2=C1C=CC=N2)O)Br,1
30951,C=CCOC1=C(C=C(C=C1)CC(=O)O)Cl,1
9938121,CCCCN1C(=O)C(NC(=O)C12CCN(CC2)CC3=CC=C(C=C3)OC4=CC=C(C=C4)C(=O)O)C(C5CCCCC5)O,1
21382,CN(C)CCCC1C2=CC=CC=C2NC3=C1C=C(C=C3)Cl,1
71169,CC(C)NC1=NC=CC=N1,1
6761,C1CN(CCC1C(=O)N)CCCN2C3=CC=CC=C3SC4=C2C=C(C=C4)Cl,1
11364450,CCOC1C(CC(=O)O1)NC(=O)C2CCCN3N2C(=O)C(CCC3=O)NC(=O)C4=NC=CC5=CC=CC=C54,1
11033,C1=CC(=CC=C1N)S(=O)(=O)NC(=O)N,1
29321,CC(=O)N1C2=CC=CC=C2C(C1=O)(C3=CC=C(C=C3)OC(=O)C)C4=CC=C(C=C4)OC(=O)C,1
18796887,COC1=CC=CC2=C1C3CN(CC3CO2)CCCCN4C(=O)C5=C(C6=NC(=CN=C6S5)C7=CC=CC=C7)NC4=O,1
459963,CON=C(C1=CC=C(C=C1)C2=CC=C(O2)C3=CC=C(C=C3)C(=NOC)N)N,1
71467,CC(COC1=CC=CC=C1)NN,1
65513,C1=C(NC=N1)CCN.OP(=O)(O)O.OP(=O)(O)O,0
9433,CN1C2=C(C(=O)N(C1=O)C)NC=N2.CN1C2=C(C(=O)N(C1=O)C)NC=N2.C(CN)N,0
4058,CCOC(=O)C1(CCN(CC1)C)C2=CC=CC=C2,0
1206,CC(CC1=CC=CC=C1)NC,0
4095,CCC(=O)C(CC(C)N(C)C)(C1=CC=CC=C1)C2=CC=CC=C2,0
3162,CC(C1=CC=CC=C1)(C2=CC=CC=N2)OCCN(C)C,0
2370,CC(C[N+](C)(C)C)OC(=O)N,0
2863,CC(=O)OCC(=O)C1(CCC2C1(CC(=O)C3C2CCC4=CC(=O)CCC34C)C)O,0
3042,CCN(CC)CCOC(=O)C1(CCCCC1)C2CCCCC2,0
951,C1=CC(=C(C=C1C(CN)O)O)O,0
3182,CN1C2=C(C(=O)N(C1=O)C)N(C=N2)CC(CO)O,0
838,CNCC(C1=CC(=C(C=C1)O)O)O,0
5314,C[N+](C)(C)CCOC(=O)CCC(=O)OCC[N+](C)(C)C,0
3918,CN1CCC23CCCCC2C1CC4=C3C=C(C=C4)O,0
4934,CC(C)[N+](C)(CCOC(=O)C1C2=CC=CC=C2OC3=CC=CC=C13)C(C)C,0
2564,CN(C)CCOC(C1=CC=C(C=C1)Cl)C2=CC=CC=N2,0
2140,CC(=O)NC1=C(C(=C(C(=C1I)C(=O)O)I)NC(=O)C)I,0
4812,CC1=C(C(=O)C2=CC=CC=C2C1=O)CC=C(C)CCCC(C)CCCC(C)CCCC(C)C,0
4032,CC1(C2CCC(C2)C1(C)NC)C,0
861,C1=CC(=C(C=C1OC2=C(C=C(C=C2I)CC(C(=O)O)N)I)I)O,0
6476,CC1(CC(=O)N(C1=O)C)C2=CC=CC=C2,0
4057,C[N+]1(CCCC(C1)OC(=O)C(C2=CC=CC=C2)(C3=CC=CC=C3)O)C,0
4034,CC1=CC(=CC=C1)CN2CCN(CC2)C(C3=CC=CC=C3)C4=CC=C(C=C4)Cl,0
5588,CC1=CC=C(C=C1)C(=CCN2CCCC2)C3=CC=CC=N3,0
7699,CCCCNC1=CC=C(C=C1)C(=O)OCCOCCOCCOCCOCCOCCOCCOCCOCCOC,1
3038,C1=C(C=C(C(=C1S(=O)(=O)N)Cl)Cl)S(=O)(=O)N,0
4771,CC(C)(CC1=CC=CC=C1)N,1
7029,CCN(CC)C(C)C(=O)C1=CC=CC=C1,0
4639,CN1CCC23C4C(=O)CCC2(C1CC5=C3C(=C(C=C5)O)O4)O,0
6834,CN(C)CCC(C1=CC=C(C=C1)Br)C2=CC=CC=N2,0
2381,C1CCN(CC1)CCC(C2CC3CC2C=C3)(C4=CC=CC=C4)O,0
3780,C1C(C2C(O1)C(CO2)O[N+](=O)[O-])O[N+](=O)[O-],0
4062,CC1=C(C(=CC=C1)C)NC(=O)C2CCCCN2C,0
2315,C1=CC=C(C=C1)CC2NC3=C(C=C(C(=C3)C(F)(F)F)S(=O)(=O)N)S(=O)(=O)N2,1
12460,CC1C(OCCN1C)C2=CC=CC=C2,0
5771,CCC(C)C1C(=O)NC(C(=O)NC(C(=O)NC(CSSCC(C(=O)NC(C(=O)N1)CC2=CC=C(C=C2)O)N)C(=O)N3CCCC3C(=O)NC(CC(C)C)C(=O)NCC(=O)N)CC(=O)N)CCC(=O)N,0
3518,C1CCCN(CCC1)CCN=C(N)N,0
3291,CCC1(CC(=O)NC1=O)C,0
2341,CC(CC1=CC=CC=C1)N(C)CC2=CC=CC=C2,0
11693,C[N+]1(CCC(C1)OC(=O)C(C2CCCC2)(C3=CC=CC=C3)O)C.[Br-],0
4174,CC(C)(C1=CN=CC=C1)C(=O)C2=CN=CC=C2,0
15459,CC1=CC(=CC(=C1)OCC2CNC(=O)O2)C,1
249098,CC12CCC3C(C1CCC2(C)O)CCC4C3(COC(=O)C4)C,1
4616,C1=CC=C(C=C1)C2=NC(C(=O)NC3=C2C=C(C=C3)Cl)O,0
4976,CNCCCC1C2=CC=CC=C2C=CC3=CC=CC=C13,0
16133260,CC(C)C(C(=O)NCC(=O)NC(CCCCN)C(=O)NC(CCCCN)C(=O)NC(CCCNC(=N)N)C(=O)NC(CCCNC(=N)N)C(=O)N1CCCC1C(=O)NC(C(C)C)C(=O)NC(CCCCN)C(=O)NC(C(C)C)C(=O)NC(CC2=CC=C(C=C2)O)C(=O)N3CCCC3C(=O)O)NC(=O)C4CCCN4C(=O)C(CCCCN)NC(=O)CNC(=O)C(CC5=CNC6=CC=CC=C65)NC(=O)C(CCCNC(=N)N)NC(=O)C(CC7=CC=CC=C7)NC(=O)C(CC8=CNC=N8)NC(=O)C(CCC(=O)O)NC(=O)C(CCSC)NC(=O)C(CO)NC(=O)C(CC9=CC=C(C=C9)O)NC(=O)C(CO)N,0
3354,CC1=C(OC2=C(C1=O)C=CC=C2C(=O)OCCN3CCCCC3)C4=CC=CC=C4,0
3821,CNC1(CCCCC1=O)C2=CC=CC=C2Cl,1
4675,CC(=O)OC1CC2CCC3C(C2(CC1[N+]4(CCCCC4)C)C)CCC5(C3CC(C5OC(=O)C)[N+]6(CCCCC6)C)C,0
4734,CC(C)(C)OC(=O)NCCC(=O)NC(CC1=CNC2=CC=CC=C21)C(=O)NC(CCSC)C(=O)NC(CC(=O)O)C(=O)NC(CC3=CC=CC=C3)C(=O)N,0
5403,CC(C)(C)NCC(C1=CC(=CC(=C1)O)O)O,1
16129616,CC(C)CC1C(=O)NC(C(=O)NC(C(=O)NC(CSSCC(C(=O)NC(C(=O)NC(C(=O)N1)CC(=O)N)CO)N)C(=O)NC(C(C)C)C(=O)NC(CC(C)C)C(=O)NCC(=O)NC(CCCCN)C(=O)NC(CC(C)C)C(=O)NC(CO)C(=O)NC(CCC(=O)N)C(=O)NC(CCC(=O)O)C(=O)NC(CC(C)C)C(=O)NC(CC2=CN=CN2)C(=O)NC(CCCCN)C(=O)NC(CC(C)C)C(=O)NC(CCC(=O)N)C(=O)NC(C(C)O)C(=O)NC(CC3=CC=C(C=C3)O)C(=O)N4CCCC4C(=O)NC(CCCNC(=N)N)C(=O)NC(C(C)O)C(=O)NC(CC(=O)N)C(=O)NC(C(C)O)C(=O)NCC(=O)NC(CO)C(=O)NCC(=O)NC(C(C)O)C(=O)N5CCCC5C(=O)N)C(C)O)CO,0
3053,C(CN(CC(=O)O)CC(=O)O)N(CCN(CC(=O)O)CC(=O)O)CC(=O)O,0
3872,C(C1C(C(C(C(O1)OC2C(OC(C2O)(CO)O)CO)O)O)O)O,0
176418151,CCC(C)C(C(=O)NC(CC1=CC=CC=C1)C(=O)NC(C(C)O)C(=O)NC(CO)C(=O)NC(CO)C(=O)NC(CC2=CC=C(C=C2)O)C(=O)NC(CCCNC(=N)N)C(=O)NC(CCCNC(=N)N)C(=O)NC(C(C)CC)C(=O)NC(CC(C)C)C(=O)NCC(=O)NC(CCC(=O)N)C(=O)NC(CC(C)C)C(=O)NC(CC3=CC=C(C=C3)O)C(=O)NC(C)C(=O)NC(CCCNC(=N)N)C(=O)NC(CCCCN)C(=O)NC(CC(C)C)C(=O)NC(CC(C)C)C(=O)NC(CC4=CN=CN4)C(=O)NC(CCC(=O)O)C(=O)NC(C(C)CC)C(=O)NC(CCSC)C(=O)NC(CC(=O)O)C(=O)NC(CCCNC(=N)N)C(=O)NC(CCC(=O)N)C(=O)NC(CCC(=O)N)C(=O)NCC(=O)NC(CCC(=O)O)C(=O)NC(CCCNC(=N)N)C(=O)NC(CC(=O)N)C(=O)NC(CCC(=O)N)C(=O)NC(CCC(=O)O)C(=O)NC(CCC(=O)N)C(=O)NC(CCCNC(=N)N)C(=O)NC(CO)C(=O)NC(CCCNC(=N)N)C(=O)NC(CC5=CC=CC=C5)C(=O)NC(CC(=O)N)C(=O)O)NC(=O)C(C)NC(=O)C(CC(=O)O)NC(=O)C(C)NC(=O)C(CC6=CN=CN6)N,0
16850,C1=CC=C2C(=C1)C(=O)OC23C4=C(C=C(C=C4)O)OC5=C3C=CC(=C5)O,0
3125,CC(CC1=CC=C(C=C1)O)(C(=O)O)N,0
53395165,CCCCCC(C)(C=CC1C(CC(C1CC=CCCCC(=O)O)O)O)O.C(C(CO)(CO)N)O,0
2524,CC(CCCC(C)(C)O)C1CCC2C1(CCCC2=CC=C3CC(CC(C3=C)O)O)C,0
4253,CN1CCC23C4C1CC5=C2C(=C(C=C5)O)OC3C(C=C4)O,0
39860,CCCCCCC(C)(C)C1=CC(=C2C3CC(=O)CCC3C(OC2=C1)(C)C)O,0
4475886,CC(=O)OC1CC2CCC3C(C2(CC1N4CCCCC4)C)CCC5(C3CC(C5OC(=O)C)[N+]6(CCCCC6)C)C,0
47319,C[N+]1(CCC2=CC(=C(C=C2C1CC3=CC(=C(C=C3)OC)OC)OC)OC)CCC(=O)OCCCCCOC(=O)CC[N+]4(CCC5=CC(=C(C=C5C4CC6=CC(=C(C=C6)OC)OC)OC)OC)C,0
3648,CN1CCC23C4C1CC5=C2C(=C(C=C5)O)OC3C(=O)CC4,0
41693,CCC(=O)N(C1=CC=CC=C1)C2(CCN(CC2)CCC3=CC=CS3)COC,0
5526,C1CC(CCC1CN)C(=O)O,0
51263,CCC(=O)N(C1=CC=CC=C1)C2(CCN(CC2)CCN3C(=O)N(N=N3)CC)COC,0
16759,CCCCCCCCC=CCCCCCCCC(=O)O.C(CO)N,0
62683,[Cl-].[Rb+],0
62819,CCC(C)C1C(=O)NC(C(=O)NC(C(=O)NC(CSSCC(C(=O)NC(C(=O)N1)CC2=CC=C(C=C2)O)N)C(=O)N3CCCC3C(=O)NC(CC(C)C)C(=O)NCC(=O)N)CC(=O)N)C(C)O,0
16129682,CCC(C)C(C(=O)NC(CCC(=O)N)C(=O)NC(CC(C)C)C(=O)NC(CCSC)C(=O)NC(CC1=CNC=N1)C(=O)NC(CC(=O)N)C(=O)NC(CC(C)C)C(=O)NCC(=O)NC(CCCCN)C(=O)NC(CC2=CNC=N2)C(=O)NC(CC(C)C)C(=O)NC(CC(=O)N)C(=O)NC(CO)C(=O)NC(CCSC)C(=O)NC(CCC(=O)O)C(=O)NC(CCCNC(=N)N)C(=O)NC(C(C)C)C(=O)NC(CCC(=O)O)C(=O)NC(CC3=CNC4=CC=CC=C43)C(=O)NC(CC(C)C)C(=O)NC(CCCNC(=N)N)C(=O)NC(CCCCN)C(=O)NC(CCCCN)C(=O)NC(CC(C)C)C(=O)NC(CCC(=O)N)C(=O)NC(CC(=O)O)C(=O)NC(C(C)C)C(=O)NC(CC5=CNC=N5)C(=O)NC(CC(=O)N)C(=O)NC(CC6=CC=CC=C6)C(=O)O)NC(=O)C(CCC(=O)O)NC(=O)C(CO)NC(=O)C(C(C)C)NC(=O)C(CO)N,0
24942139,CNCC(C(C(C(CO)O)O)O)O.CNCC(C(C(C(CO)O)O)O)O.C(CN(CC(=O)O)CC(=O)[O-])N(CCN(CC(=O)O)CC(=O)[O-])CC(=O)[O-].[Gd+3],0
5071,CC(C12CC3CC(C1)CC(C3)C2)N,0
3341,C1CNCC(C2=CC(=C(C(=C21)Cl)O)O)C3=CC=C(C=C3)O,0
6116,CC(=O)[O-].CC(=O)[O-].[Ca+2],0
104803,C[N+]1(CCC2=CC(=C(C=C2C1CC3=CC(=C(C(=C3)OC)OC)OC)OC)OC)CCCOC(=O)CCC=CCCC(=O)OCCC[N+]4(CCC5=CC(=C(C=C5C4CC6=CC(=C(C(=C6)OC)OC)OC)OC)OC)C,0
60714,CC(CN1CCN(CCN(CCN(CC1)CC(=O)[O-])CC(=O)[O-])CC(=O)[O-])O.[Gd+3],0
4169159,CCCC(C(=O)OCC)NC(C)C(=O)N1C2CCCCC2CC1C(=O)O,0
4460698,CC(=O)OC1C(CC2C1(CCC3C2CCC4C3(CC(C(C4)O)N5CCOCC5)C)C)[N+]6(CCCC6)CC=C,0
60753,CCCCCCCN(CC)CCCC(C1=CC=C(C=C1)NS(=O)(=O)C)O,0
47320,C[N+]1(CCC2=CC(=C(C=C2C1CC3=CC(=C(C=C3)OC)OC)OC)OC)CCC(=O)OCCCCCOC(=O)CC[N+]4(CCC5=CC(=C(C=C5C4CC6=CC(=C(C=C6)OC)OC)OC)OC)C.C1=CC=C(C=C1)S(=O)(=O)[O-].C1=CC=C(C=C1)S(=O)(=O)[O-],0
4635,CN1CCC23C4C(=O)CCC2(C1CC5=C3C(=C(C=C5)OC)O4)O,0
2088,C(CC(O)(P(=O)(O)O)P(=O)(O)O)CN,1
121829,CCOC1=CC=CC=C1OCCNC(C)CC2=CC(=C(C=C2)OC)S(=O)(=O)N,1
3148,C1C2CC3CC(CC1N3CC2=O)OC(=O)C4=CNC5=CC=CC=C54,0
60815,CCC(=O)N(C1=CC=CC=C1)C2(CCN(CC2)CCC(=O)OC)C(=O)OC,1
5210,CC(C)CC(C1(CCC1)C2=CC=C(C=C2)Cl)N(C)C,1
5466,CC1=C(SC=C1)C(=CCCN2CCCC(C2)C(=O)O)C3=C(C=CS3)C,0
5095,CCCN(CCC)CCC1=C2CC(=O)NC2=CC=C1,1
4885,CCCNC1CCC2=C(C1)SC(=N2)N,0
51577,C1C(C(C(C(N1CCO)CO)O)O)O,0
5625,CC(C)NC1=C(N=CC=C1)N2CCN(CC2)C(=O)C3=CC4=C(N3)C=CC(=C4)NS(=O)(=O)C,0
60937,C1=CC(=CC=C1SC(P(=O)(O)O)P(=O)(O)O)Cl,0
123610,C1CC2C(=O)NC(CSSCCC(=O)NC(C(=O)NCC(=O)NC(C(=O)NC(C(=O)N2C1)CC3=CNC4=CC=CC=C43)CC(=O)O)CCCCN=C(N)N)C(=O)N,0
60879,CCCCC1=NC=C(N1CC2=CC=C(C=C2)C(=O)O)C=C(CC3=CC=CS3)C(=O)O,0
4547,CCOC1=C(C=CC(=C1)CC(=O)NC(CC(C)C)C2=CC=CC=C2N3CCCCC3)C(=O)O,1
3749,CCCCC1=NC2(CCCC2)C(=O)N1CC3=CC=C(C=C3)C4=CC=CC=C4C5=NNN=N5,1
4440,CNS(=O)(=O)CCC1=CC2=C(C=C1)NC=C2C3CCN(CC3)C,0
5731,CN(C)CCC1=CNC2=C1C=C(C=C2)CC3COC(=O)N3,0
5512,CC1=CC(=C(C=C1)O)C(CCN(C(C)C)C(C)C)C2=CC=CC=C2,0
4451,CC1=C(C=CC=C1O)C(=O)NC(CSC2=CC=CC=C2)C(CN3CC4CCCCC4CC3C(=O)NC(C)(C)C)O,1
5077,CCN(C)C(=O)OC1=CC=CC(=C1)C(C)N(C)C,1
60854,C1CN(CCN1CCC2=C(C=C3C(=C2)CC(=O)N3)Cl)C4=NSC5=CC=CC=C54,1
5245,C1=CC(=CN=C1)CC(O)(P(=O)(O)O)P(=O)(O)O,0
2541,CCOC1=NC2=CC=CC(=C2N1CC3=CC=C(C=C3)C4=CC=CC=C4C5=NNN=N5)C(=O)O,1
2806,COC(=O)C(C1=CC=CC=C1Cl)N2CCC3=C(C2)C=CS3,1
5078,CN(C)CCC1=CNC2=C1C=C(C=C2)CN3C=NC=N3,0
19797045,CCC(C)C(C(=O)N1CCCC1C(=O)NC(CCC(=O)O)C(=O)NC(CCC(=O)O)C(=O)NC(CC2=CC=C(C=C2)O)C(=O)NC(CC(C)C)C(=O)O)NC(=O)C(CCC(=O)O)NC(=O)C(CCC(=O)O)NC(=O)C(CC3=CC=CC=C3)NC(=O)C(CC(=O)O)NC(=O)CNC(=O)C(CC(=O)N)NC(=O)CNC(=O)CNC(=O)CNC(=O)CNC(=O)C4CCCN4C(=O)C(CCCNC(=N)N)NC(=O)C5CCCN5C(=O)C(CC6=CC=CC=C6)N,0
1805,C1=NC(=NC(=O)N1C2C(C(C(O2)CO)O)O)N,0
3385,C1=C(C(=O)NC(=O)N1)F,1
2232,CC1CCN(C(C1)C(=O)O)C(=O)C(CCCN=C(N)N)NS(=O)(=O)C2=CC=CC3=C2NCC(C3)C,0
135398744,CCCC1=NN(C2=C1N=C(NC2=O)C3=C(C=CC(=C3)S(=O)(=O)N4CCN(CC4)C)OCC)C,1
21021667,CC1C(C(C(C(O1)OC2C(OC(C(C2O)O)OC(C(CO)O)C(C(C=O)O)O)CO)O)O)NC3C=C(C(C(C3O)O)O)CO,1
1978,CCCC(=O)NC1=CC(=C(C=C1)OCC(CNC(C)C)O)C(=O)C,1
5486,CCCCS(=O)(=O)NC(CC1=CC=C(C=C1)OCCCCC2CCNCC2)C(=O)O,0
71329,CN(CCC1=CC=C(C=C1)NS(=O)(=O)C)CCOC2=CC=C(C=C2)NS(=O)(=O)C,0
581,CC(=O)NC(CS)C(=O)O,0
41317,CC1=CC(=C(C(=C1C=CC(=CC=CC(=CC(=O)O)C)C)C)C)OC,1
444013,COCCNC(=O)CN(CCN(CCN(CC(=O)NCCOC)CC(=O)[O-])CC(=O)[O-])CC(=O)[O-].[Gd+3],0
191,C1=NC(=C2C(=N1)N(C=N2)C3C(C(C(O3)CO)O)O)N,0
2083,CC(C)(C)NCC(C1=CC(=C(C=C1)O)CO)O,0
123606,CN(C)CCC1=CNC2=C1C=C(C=C2)CS(=O)(=O)N3CCCC3,0
5284561,CNC1CCC2=C(C1)C3=C(N2)C=CC(=C3)C(=O)N,0
34312,C1C2=CC=CC=C2N(C3=CC=CC=C3C1=O)C(=O)N,1
135448133,CC1C=CC=C(C(=O)NC2=C(C(=C3C(=C2O)C(=C(C4=C3C(=O)C(O4)(OC=CC(C(C(C(C(C(C1O)C)O)C)OC(=O)C)C)OC)C)C)O)O)C=NN5CCN(CC5)C6CCCC6)C,0
59708,CCC(C(=O)N)N1CCCC1=O,1
54897,CCCN(CCC)C(=O)CC1=C(N=C2N1C=C(C=C2)Cl)C3=CC=C(C=C3)Cl,1
82146,CC1=CC2=C(C=C1C(=C)C3=CC=C(C=C3)C(=O)O)C(CCC2(C)C)(C)C,1
6432,C(C(F)(F)F)(C(F)(F)F)(F)F,0
2141,C(CN)CNCCSP(=O)(O)O,0
2142,C1C(C(C(C(C1NC(=O)C(CCN)O)OC2C(C(C(C(O2)CO)O)N)O)O)OC3C(C(C(C(O3)CN)O)O)O)N,0
2099,CC1=C(N=CN1)CN2CCC3=C(C2=O)C4=CC=CC=C4N3C,1
564,C(CCC(=O)O)CCN,0
853,C1=C(C=C(C(=C1I)OC2=CC(=C(C(=C2)I)O)I)I)CC(C(=O)O)N,1
3929,CC(=O)NCC1CN(C(=O)O1)C2=CC(=C(C=C2)N3CCOCC3)F,1
72938,CON=C1CN(CC1CN)C2=C(C=C3C(=O)C(=CN(C3=N2)C4CC4)C(=O)O)F,1
124087,C1CC2=C(C=CC(=C2)Cl)C(=C3CCNCC3)C4=C1C=CC=N4,1
3449,CN1CCC23C=CC(CC2OC4=C(C=CC(=C34)C1)OC)O,0
53432469,CC1=C(SC=N1)C=CC2=C(N3C(C(C3=O)NC(=O)C(=NOC)C4=CSC(=N4)N)SC2)C(=O)O,0
68740,C1=CN(C=N1)CC(O)(P(=O)(O)O)P(=O)(O)O,1
9963413,CCC(C)CC(C)CCCCCCCCC(=O)NC1CC(C(NC(=O)C2C(CCN2C(=O)C(NC(=O)C(NC(=O)C3CC(CN3C(=O)C(NC1=O)C(C)O)O)C(C(C4=CC=C(C=C4)O)O)O)C(CCN)O)O)NCCN)O,0
74989,C1CC(CCC1C2=CC=C(C=C2)Cl)C3=C(C4=CC=CC=C4C(=O)C3=O)O,0
5231054,CC(C1=NC=NC=C1F)C(CN2C=NC=N2)(C3=C(C=C(C=C3)F)F)O,1
3516,COC1=CC=CC=C1OCC(CO)O,0
158781,CCCC1=NC(=C(N1CC2=CC=C(C=C2)C3=CC=CC=C3C4=NNN=N4)C(=O)O)C(C)(C)O,0
2092,CN(CCCNC(=O)C1CCCO1)C2=NC3=CC(=C(C=C3C(=N2)N)OC)OC,1
2274,CC1C(C(=O)N1S(=O)(=O)O)NC(=O)C(=NOC(C)(C)C(=O)O)C2=CSC(=N2)N,0
21874792,CC12CCC3C(C1CCC2C(=O)NC4=C(C=CC(=C4)C(F)(F)F)C(F)(F)F)CCC5C3(C=CC(=O)N5)C,0
2284,C1=CC(=CC=C1C(CC(=O)O)CN)Cl,1
2311,CCOC(=O)C(CCC1=CC=CC=C1)NC2CCC3=CC=CC=C3N(C2=O)CC(=O)O,1
2313,C1=CC=C(C=C1)CN2C3=CC=CC=C3C(=N2)OCC(=O)O,1
255968,CCC1=C(C2=CC=CC=C2O1)C(=O)C3=CC=C(C=C3)O,1
6237,CCC1=C(C2=CC=CC=C2O1)C(=O)C3=CC(=C(C(=C3)I)O)I,1
9912811,CC1C2C(C(=O)N2C(=C1SC3CC(NC3)C(=O)NC4=CC=CC(=C4)C(=O)O)C(=O)O)C(C)O,0
2344,CN1C2CCC1CC(C2)OC(C3=CC=CC=C3)C4=CC=CC=C4,0
17854870,COC1C(C(C(C(O1)COS(=O)(=O)[O-])OC2C(C(C(C(O2)C(=O)[O-])OC3C(C(C(C(O3)COS(=O)(=O)[O-])OC4C(C(C(C(O4)C(=O)[O-])OC5C(C(C(C(O5)COS(=O)(=O)[O-])O)O)NS(=O)(=O)[O-])O)O)OS(=O)(=O)[O-])NS(=O)(=O)[O-])O)OS(=O)(=O)[O-])O)NS(=O)(=O)[O-].[Na+].[Na+].[Na+].[Na+].[Na+].[Na+].[Na+].[Na+].[Na+].[Na+],1
5150939,CCCCN1CC(C(C(C1CO)O)O)O,0
73940219,CNCC(C(C(C(CO)O)O)O)O.CNCC(C(C(C(CO)O)O)O)O.C1=CC=C(C=C1)COCC(C(=O)[O-])N(CCN(CCN(CC(=O)O)CC(=O)[O-])CC(=O)[O-])CC(=O)O.[Gd+3],0
53395233,CC1C=CC=C(C(=O)NC2=C(C3=C(C4=C(C(=C3O)C)OC(C4=O)(OC=CC(C(C(C(C(C(C1O)C)O)C)OC(=O)C)C)OC)C)C5=C2N6C=CC(=CC6=N5)C)O)C,0
4687521,CN1CC(=O)N2C(C1=O)CC3=C(C2C4=CC5=C(C=C4)OCO5)NC6=CC=CC=C36,0
9882672,C1CC2CN(C(=O)C3=CC=CC(=C23)C1)C4CN5CCC4CC5,0
2369,CC(C)NCC(COC1=CC=C(C=C1)CCOCC2CC2)O,0
135400189,CCCC1=NC(=C2N1N=C(NC2=O)C3=C(C=CC(=C3)S(=O)(=O)N4CCN(CC4)CC)OCC)C,0
2405,CC(C)NCC(COC1=CC=C(C=C1)COCCOC(C)C)O,0
84068,CC1=C(N=C(N=C1N)C(CC(=O)N)NCC(C(=O)N)N)C(=O)NC(C(C2=CN=CN2)OC3C(C(C(C(O3)CO)O)O)OC4C(C(C(C(O4)CO)O)OC(=O)N)O)C(=O)NC(C)C(C(C)C(=O)NC(C(C)O)C(=O)NCCC5=NC(=CS5)C6=NC(=CS6)C(=O)NCCC[S+](C)C)O,0
6850813,CC1=CC=CC=C1OC(CCNC)C2=CC=CC=C2,1
104865,CC(C)(C)C1=CC=C(C=C1)S(=O)(=O)NC2=C(C(=NC(=N2)C3=NC=CC=N3)OCCO)OC4=CC=CC=C4OC,1
71158,CC(=O)NCCCS(=O)(=O)O,1
60795,C1CC(=O)NC2=C1C=CC(=C2)OCCCCN3CCN(CC3)C4=C(C(=CC=C4)Cl)Cl,0
2462,CCCC1OC2CC3C4CCC5=CC(=O)C=CC5(C4C(CC3(C2(O1)C(=O)CO)C)O)C,0
2471,CCCCNC1=C(C(=CC(=C1)C(=O)O)S(=O)(=O)N)OC2=CC=CC=C2,0
2477,C1CCC2(C1)CC(=O)N(C(=O)C2)CCCCN3CCN(CC3)C4=NC=CC=N4,0
21865526,CC12CCC(=O)C=C1CC(C3C24C(O4)CC5(C3CCC56CCC(=O)O6)C)C(=O)OC,0
2487,C1CCC2(C3CC4=C(C2(C1)CCN3CC5CCC5)C=C(C=C4)O)O,0
2512,CCNC(=O)N(CCCN(C)C)C(=O)C1CC2C(CC3=CNC4=CC=CC2=C34)N(C1)CC=C,0
4979942,C1=CC(=CC=C1C2C(C(=O)N2C3=CC=C(C=C3)F)CCC(C4=CC=C(C=C4)F)O)O,1
4715169,CC(C)CC(CC(=O)O)CN,1
60172,C1=NC(=C2C(=N1)N(C=N2)CCOCP(=O)(O)O)N,1
60852,CCCCCN(C)CCC(O)(P(=O)(O)O)P(=O)(O)O,0
2560,CC1(C(N2C(S1)C(C2=O)NC(=O)C(C3=CC=CC=C3)C(=O)O)C(=O)O)C,1
2563,CC(CC1=CC(=C(C=C1)O)O)(C(=O)O)NN,0
2609,C1C(=C(N2C(S1)C(C2=O)NC(=O)C(C3=CC=CC=C3)N)C(=O)O)Cl,1
2610,CC1=C(N2C(C(C2=O)NC(=O)C(C3=CC=C(C=C3)O)N)SC1)C(=O)O,1
45382194,CCC(C)C(C(=O)NC(CCC(=O)O)C(=O)NC(CCC(=O)O)C(=O)NC(CO)C(=O)NC(CCC(=O)N)C(=O)NC(CC(=O)N)C(=O)NC(CCC(=O)N)C(=O)NC(CCC(=O)N)C(=O)NC(CCC(=O)O)C(=O)NC(CCCCN)C(=O)NC(CC(=O)N)C(=O)NC(CCC(=O)O)C(=O)NC(CCC(=O)N)C(=O)NC(CCC(=O)O)C(=O)NC(CC(C)C)C(=O)NC(CC(C)C)C(=O)NC(CCC(=O)O)C(=O)NC(CC(C)C)C(=O)NC(CC(=O)O)C(=O)NC(CCCCN)C(=O)NC(CC1=CNC2=CC=CC=C21)C(=O)NC(C)C(=O)NC(CO)C(=O)NC(CC(C)C)C(=O)NC(CC3=CNC4=CC=CC=C43)C(=O)NC(CC(=O)N)C(=O)NC(CC5=CNC6=CC=CC=C65)C(=O)NC(CC7=CC=CC=C7)C(=O)N)NC(=O)C(CC(C)C)NC(=O)C(CO)NC(=O)C(CC8=CN=CN8)NC(=O)C(C(C)CC)NC(=O)C(CC(C)C)NC(=O)C(CO)NC(=O)C(C(C)O)NC(=O)C(CC9=CC=C(C=C9)O)NC(=O)C,0
2618,CC1=NN=C(S1)SCC2=C(N3C(C(C3=O)NC(=O)CN4C=NN=N4)SC2)C(=O)O,1
2622,C[N+]1(CCCC1)CC2=C(N3C(C(C3=O)NC(=O)C(=NOC)C4=CSC(=N4)N)SC2)C(=O)[O-],1
2675,C=CC1=C(N2C(C(C2=O)NC(=O)C(=NOCC(=O)O)C3=CSC(=N3)N)SC1)C(=O)O,0
2630,CCN1CCN(C(=O)C1=O)C(=O)NC(C2=CC=C(C=C2)O)C(=O)NC3C4N(C3=O)C(=C(CS4)CSC5=NN=NN5C)C(=O)O,1
2632,CC(=O)OCC1=C(N2C(C(C2=O)NC(=O)C(=NOC)C3=CSC(=N3)N)SC1)C(=O)O,1
2638,COC1(C2N(C1=O)C(=C(CS2)COC(=O)N)C(=O)O)NC(=O)CC3=CC=CS3,0
54547,COCC1=C(N2C(C(C2=O)NC(=O)C(=NOC)C3=CSC(=N3)N)SC1)C(=O)O,0
4609,C1CCC(C(C1)[NH-])[NH-].C(=O)(C(=O)O)O.[Pt+2],1
2646,CC=CC1=C(N2C(C(C2=O)NC(=O)C(C3=CC=C(C=C3)O)N)SC1)C(=O)O,1
2654,C1C=C(N2C(S1)C(C2=O)NC(=O)C(=CCC(=O)O)C3=CSC(=N3)N)C(=O)O,0
41684,CC(=O)OC1=CC=CC=C1C(=O)NC2=NC=C(S2)[N+](=O)[O-],0
2657,CN1C(=NC(=O)C(=O)N1)SCC2=C(N3C(C(C3=O)NC(=O)C(=NOC)C4=CSC(=N4)N)SC2)C(=O)O,1
2659,CON=C(C1=CC=CO1)C(=O)NC2C3N(C2=O)C(=C(CS3)COC(=O)N)C(=O)O,1
3081921,CCCCCOC1=CC=C(C=C1)C2=CC(=NO2)C3=CC=C(C=C3)C(=O)NC4CC(C(NC(=O)C5C(C(CN5C(=O)C(NC(=O)C(NC(=O)C6CC(CN6C(=O)C(NC4=O)C(C)O)O)C(C(C7=CC(=C(C=C7)O)OS(=O)(=O)O)O)O)C(CC(=O)N)O)C)O)O)O,1
72054,C1CN(CC1C(C2=CC=CC=C2)(C3=CC=CC=C3)C(=O)N)CCC4=CC5=C(C=C4)OCC5,0
2666,CC1=C(N2C(C(C2=O)NC(=O)C(C3=CC=CC=C3)N)SC1)C(=O)O,1
2678,C1CN(CCN1CCOCC(=O)O)C(C2=CC=CC=C2)C3=CC=C(C=C3)Cl,1
9885319,C1CN2CCC1C(C2)OC(=O)N3CCC4=CC=CC=C4C3C5=CC=CC=C5,0
56959,CC1=C(C(=CC=C1)C)NC(=O)CN2CCN(CC2)CC(COC3=CC=CC=C3OC)O,0
298,C1=CC(=CC=C1C(C(CO)NC(=O)C(Cl)Cl)O)[N+](=O)[O-],0
2712,CN=C1CN(C(=C2C=C(C=CC2=N1)Cl)C3=CC=CC=C3)O,1
21696352,CC(C)(C)C(C(=O)NC(CC1=CC=CC=C1)C(CN(CC2=CC=C(C=C2)C3=CC=CC=N3)NC(=O)C(C(C)(C)C)NC(=O)OC)O)NC(=O)OC,1
16129688,CCCCCCCCCC(=O)NC(CC1=CNC2=CC=CC=C21)C(=O)NC(CC(=O)N)C(=O)NC(CC(=O)O)C(=O)NC3C(OC(=O)C(NC(=O)C(NC(=O)C(NC(=O)CNC(=O)C(NC(=O)C(NC(=O)C(NC(=O)C(NC(=O)CNC3=O)CCCN)CC(=O)O)C)CC(=O)O)CO)C(C)CC(=O)O)CC(=O)C4=CC=CC=C4N)C,1
2717,CN1C(S(=O)(=O)CCC1=O)C2=CC=C(C=C2)Cl,1
5213527,B(C(CC(C)C)NC(=O)C(CC1=CC=CC=C1)NC(=O)C2=NC=CN=C2)(O)O,1
15224271,CCCCCOC1=CC=C(C=C1)C2=CC=C(C=C2)C3=CC=C(C=C3)C(=O)NC4CC(C(NC(=O)C5C(C(CN5C(=O)C(NC(=O)C(NC(=O)C6CC(CN6C(=O)C(NC4=O)C(C)O)O)C(C(C7=CC=C(C=C7)O)O)O)C(C)O)C)O)O)O,0
122316,C#CCNC1CCC2=CC=CC=C12,0
2719,CCN(CC)CCCC(C)NC1=C2C=CC(=CC2=NC=C1)Cl,1
2720,C1=C2C(=CC(=C1Cl)S(=O)(=O)N)S(=O)(=O)N=CN2,1
6101856,CC(C1=CC=CC2=CC=CC=C21)NCCCC3=CC(=CC=C3)C(F)(F)F,0
151171,CC1=NC2=C(N1)CCN(C3=CC=CC=C32)C(=O)C4=CC=C(C=C4)NC(=O)C5=CC=CC=C5C6=CC=CC=C6,0
71301,C1CC2=C(C=CC(=C2)F)OC1C(CNCC(C3CCC4=C(O3)C=CC(=C4)F)O)O,0
2732,C1=CC=C2C(=C1)C(=O)NC2(C3=CC(=C(C=C3)Cl)S(=O)(=O)N)O,0
176870,COCCOC1=C(C=C2C(=C1)C(=NC=N2)NC3=CC=CC(=C3)C#C)OCCOC,1
10224207,CC1CN(CCC1(C)C2=CC(=CC=C2)O)CC(CC3=CC=CC=C3)C(=O)NCC(=O)O,0
466146,C1=CN(C(=O)N=C1N)CC(CO)OCP(=O)(O)O,0
9881626,CCC(=O)NCCC1CCC2=C1C3=C(C=C2)OCC3,0
2756,CC1=C(N=CN1)CSCCNC(=NC)NC#N,1
8593,C1=CC=C(C=C1)C2=NC3=CC=CC=C3C(=C2)C(=O)O,1
54684452,CCCC1(CC(=C(C(=O)O1)C(CC)C2=CC(=CC=C2)NS(=O)(=O)C3=NC=C(C=C3)C(F)(F)F)O)CCC4=CC=CC=C4,1
54681041,CC(C)(C)NCC(=O)NC1=CC(=C2CC3CC4C(C(=O)C(=C(C4(C(=O)C3=C(C2=C1O)O)O)O)C(=O)N)N(C)C)N(C)C,0
1546,C1C(C(OC1N2C=NC3=C(N=C(N=C32)Cl)N)CO)O,0
2786,CCCC1CC(N(C1)C)C(=O)NC(C2C(C(C(C(O2)SC)O)O)O)C(C)Cl,1
33176,CC1=C(C2=C(N1CC(=O)O)C=C(C=C2)OC)C(=O)C3=CC=C(C=C3)Cl,1
2803,C1CN=C(N1)NC2=C(C=CC=C2Cl)Cl,0
248862,COC1=NC(=NC2=C1N=CN2C3C(C(C(O3)CO)O)O)N,1
2814,CC1=C(C(=NO1)C2=CC=CC=C2Cl)C(=O)NC3C4N(C3=O)C(C(S4)(C)C)C(=O)O,1
216326,C1CC(=O)NC(=O)C1N2CC3=C(C2=O)C=CC=C3N,1
22055035,CCCCC(C1(CCC2C(O1)CC(=O)C2CCCCCCC(=O)O)O)(F)F,0
216239,CNC(=O)C1=NC=CC(=C1)OC2=CC=C(C=C2)NC(=O)NC3=CC(=C(C=C3)Cl)C(F)(F)F,1
170361,C1C2CNCC1C3=CC4=NC=CN=C4C=C23,1
23545473,CC(C)CN(CC(C(CC1=CC=CC=C1)NC(=O)OC2COC3C2CCO3)O)S(=O)(=O)C4=CC=C(C=C4)N,1
21902176,CC(C)C(CC1=CC(=C(C=C1)OC)OCCCOC)CC(C(CC(C(C)C)C(=O)NCC(C)(C)C(=O)N)O)N,1
3062316,CC1=C(C(=CC=C1)Cl)NC(=O)C2=CN=C(S2)NC3=CC(=NC(=N3)C)N4CCN(CC4)CCO,1
2895,CN(C)CCC=C1C2=CC=CC=C2C=CC3=CC=CC=C31,1
2898,CC(=O)OC1=CC=C(C=C1)C(=C2CCCCC2)C3=CC=C(C=C3)OC(=O)C,1
11306691,C1CN2C(=NN=C2C(F)(F)F)CN1C(=O)CC(CC3=CC(=C(C=C3F)F)F)N,1
115237,CC1=C(C(=O)N2CCCC(C2=N1)O)CCN3CCC(CC3)C4=NOC5=C4C=CC(=C5)F,0
21910730,CCC(C(C)O)N1C(=O)N(C=N1)C2=CC=C(C=C2)N3CCN(CC3)C4=CC=C(C=C4)OCC5CC(OC5)(CN6C=NC=N6)C7=C(C=C(C=C7)F)F,0
2913,CN1CCC(=C2C3=CC=CC=C3C=CC4=CC=CC=C42)CC1,1
148191,CC1CCC2CC(C(=CC=CC=CC(CC(C(=O)C(C(C(=CC(C(=O)CC(OC(=O)C3CCCCN3C(=O)C(=O)C1(O2)O)C(C)CC4CCC(C(C4)OC)OC(=O)C(C)(CO)CO)C)C)O)OC)C)C)C)OC,0
135402045,CC(C(C1CNC2=C(N1)C(=O)NC(=N2)N)O)O,0
11622909,CCN(CC)C(=O)C1(CC1CN)C2=CC=CC=C2,1
2995,CNCCCN1C2=CC=CC=C2CCC3=CC=CC=C31,0
53398658,CC1CCC2CC(C(=CC=CC=CC(CC(C(=O)C(C(C(=CC(C(=O)CC(OC(=O)C3CCCCN3C(=O)C(=O)C1(O2)O)C(C)CC4CCC(C(C4)OC)OCCO)C)C)O)OC)C)C)C)OC,0
2828,CN1CCC23C4C1CC5=C2C(=C(C=C5)OC)OC3C(C=C4)O,0
2673,CC1=C(N2C(C(C2=O)NC(=O)C(C3=CCC=CC3)N)SC1)C(=O)O,0
2655,CON=C(C1=CSC(=N1)N)C(=O)NC2C3N(C2=O)C(=CCS3)C(=O)O,0
135422442,C1CC(OC1CO)N2C=NC3=C2N=CNC3=O,1
4271,CC1=C2COC(=O)C2=C(C(=C1OC)CC=C(C)CCC(=O)OCCN3CCOCC3)O,1
6803597,C=CC1=C(N2C(C(C2=O)NC(=O)C(=NO)C3=CSC(=N3)N)SC1)C(=O)O,1
3076,CC(=O)OC1C(SC2=CC=CC=C2N(C1=O)CCN(C)C)C3=CC=C(C=C3)OC,1
962,O,0
3114,CC(C)N(CCC(C1=CC=CC=C1)(C2=CC=CC=N2)C(=O)N)C(C)C,1
71306834,CCCN(CCOC1=C(C=C(C=C1Cl)Cl)Cl)C(=O)N2C=CN=C2.C(S(=O)(=O)[O-])(I)I.[Na+],1
36811,CC(CCC1=CC=C(C=C1)O)NCCC2=CC(=C(C=C2)O)O,0
3143,CC1=C2C(C(=O)C3(C(CC4C(C3C(C(C2(C)C)(CC1OC(=O)C(C(C5=CC=CC=C5)NC(=O)OC(C)(C)C)O)O)OC(=O)C6=CC=CC=C6)(CO4)OC(=O)C)O)C)O,1
3157,COC1=C(C=C2C(=C1)C(=NC(=N2)N3CCN(CC3)C(=O)C4COC5=CC=CC=C5O4)N)OC,0
3158,CN(C)CCC=C1C2=CC=CC=C2COC3=CC=CC=C31,1
139600477,CC1CC=CC=CC(C(CC(C(C(C(CC(=O)O1)O)OC)OC2C(C(C(C(O2)C)OC3CC(C(C(O3)C)O)(C)O)N(C)C)O)CCO)C)OC4CC(C(C(O4)C)O)(C)O,0
3168,C1CN(CC=C1N2C3=CC=CC=C3NC2=O)CCCC(=O)C4=CC=C(C=C4)F,0
65679,CN1C2=C(C3=CC=CC=C3S1(=O)=O)OC(=O)N(C2=O)C4=CC=CC=N4,1
3203,C1CC1C#CC2(C3=C(C=CC(=C3)Cl)NC(=O)O2)C(F)(F)F,1
59768,CC(C)NCC(COC1=CC=C(C=C1)CCC(=O)OC)O,0
3261,C1C2=NN=CN2C3=C(C=C(C=C3)Cl)C(=N1)C4=CC=CC=C4,0
18140,CC12CCC3C(C1CCC2O)CCC4=C3C=CC(=C4)OC(=O)N(CCCl)CCCl,1
3279,CCC(CO)NCCNC(CC)CO,1
2761171,CCC1=NC=CC(=C1)C(=S)N,1
3305,CC(O)(P(=O)(O)O)P(=O)(O)O,0
36339,CCOC(=O)C1=CN=CN1C(C)C2=CC=CC=C2,0
40399,C1=CC(=C(C(=C1C(=O)C2=CC(=C(C(=C2)O)O)O)O)O)O,1
3348,CC(C)(C1=CC=C(C=C1)C(CCCN2CCC(CC2)C(C3=CC=CC=C3)(C4=CC=CC=C4)O)O)C(=O)O,0
386483,C1=C(C(=O)NC(=O)N1C2C(C(C(O2)CO)O)F)I,1
3351,C1CN(CCN1CC2=CC3=C(C=C2)OCO3)C(=O)COC4=CC=C(C=C4)Cl,1
3366,C1=NC(=O)NC(=C1F)N,0
3367,C1=NC2=C(N=C(N=C2N1C3C(C(C(O3)CO)O)O)F)N,0
3373,CCOC(=O)C1=C2CN(C(=O)C3=C(N2C=N1)C=CC(=C3)F)C,0
3393,CCN(CC)CCN1C(=O)CN=C(C2=C1C=CC(=C2)Cl)C3=CC=CC=C3F,1
3404,COCCCCC(=NOCCN)C1=CC=C(C=C1)C(F)(F)F,0
3415,C(=O)(O)P(=O)(O)O,0
3417,CC1C(O1)P(=O)(O)O,1
3420,CCC(=O)OC(C(C)C)OP(=O)(CCCCC1=CC=CC=C1)CC(=O)N2CC(CC2C(=O)O)C3CCCCC3,1
56339,C1=CC=C(C=C1)C2(C(=O)N(C(=O)N2)COP(=O)(O)O)C3=CC=CC=C3,1
3461,C1=CN(C(=O)N=C1N)C2C(C(C(O2)CO)O)(F)F,1
3639,C1NC2=CC(=C(C=C2S(=O)(=O)N1)S(=O)(=O)N)Cl,1
3685,CC1C(C(CC(O1)OC2CC(CC3=C2C(=C4C(=C3O)C(=O)C5=CC=CC=C5C4=O)O)(C(=O)C)O)N)O,0
3702,CC1CC2=CC=CC=C2N1NC(=O)C3=CC(=C(C=C3)Cl)S(=O)(=O)N,0
3706,CC(C)(C)NC(=O)C1CN(CCN1CC(CC(CC2=CC=CC=C2)C(=O)NC3C(CC4=CC=CC=C34)O)O)CC5=CN=CC=C5,0
19039,CNCC(C(C(C(CO)O)O)O)O.CNCC(C(C(C(CO)O)O)O)O.C1=C(C(=C(C(=C1I)NC(=O)CCCCC(=O)NC2=C(C=C(C(=C2I)C(=O)O)I)I)I)C(=O)O)I,0
3750,CCC1=C2CN3C(=CC4=C(C3=O)COC(=O)C4(CC)O)C2=NC5=C1C=C(C=C5)OC(=O)N6CCC(CC6)N7CCCCC7,1
876,CSCCC(C(=O)O)N,0
3784,CC1=C(C(C(=C(N1)C)C(=O)OC(C)C)C2=CC=CC3=NON=C32)C(=O)OC,1
815,C1C(C(C(C(C1N)OC2C(C(C(C(O2)CN)O)O)O)O)OC3C(C(C(C(O3)CO)O)N)O)N,0
1072,CC1=CC2=C(C=C1C)N(C3=NC(=O)NC(=O)C3=N2)CC(C(C(CO)O)O)O,0
3878,C1=CC(=C(C(=C1)Cl)Cl)C2=C(N=C(N=N2)N)N,1
288,C[N+](C)(C)CC(CC(=O)[O-])O,0
4583,CC1COC2=C3N1C=C(C(=O)C3=CC(=C2N4CCN(CC4)C)F)C(=O)O,1
3937,C1CC(N(C1)C(=O)C(CCCCN)NC(CCC2=CC=CC=C2)C(=O)O)C(=O)O,1
3956,C1CC(=C(N2C1C(C2=O)NC(=O)C(C3=CC=CC=C3)N)C(=O)O)Cl,1
3957,CCOC(=O)N1CCC(=C2C3=C(CCC4=C2N=CC=C4)C=C(C=C3)Cl)CC1,0
3961,CCCCC1=NC(=C(N1CC2=CC=C(C=C2)C3=CC=CC=C3C4=NNN=N4)CO)Cl,1
3964,CN1CCN(CC1)C2=NC3=CC=CC=C3OC4=C2C=C(C=C4)Cl,0
6179,CC(C1=CC=CC=C1)NN,1
4033,CN(CCCl)CCCl,0
4046,C1CCNC(C1)C(C2=CC(=NC3=C2C=CC=C3C(F)(F)F)C(F)(F)F)O,1
2116,CC1=C(C2=C(CCC(O2)(C)CCCC(C)CCCC(C)CCCC(C)C)C(=C1O)C)C,0
4053,C1=CC(=CC=C1CC(C(=O)O)N)N(CCCl)CCCl,1
4064,CCCC(C)(COC(=O)N)COC(=O)N,0
3874387,CC1C2C(C(=O)N2C(=C1SC3CC(NC3)C(=O)N(C)C)C(=O)O)C(C)O,1
4100,CC(=O)N=C1N(N=C(S1)S(=O)(=O)N)C,1
4114,COC1=C2C(=CC3=C1OC=C3)C=CC(=O)O2,1
4158,COC(=O)C(C1CCCCN1)C2=CC=CC=C2,1
16757702,C[N+]1(C2CC(CC1C3C2O3)OC(=O)C(CO)C4=CC=CC=C4)C.[Br-],0
4168,CCN(CC)CCNC(=O)C1=CC(=C(C=C1OC)N)Cl,1
4178,CC1=C(C(=CC=C1)C)OCC(C)N,1
4192,CC1=NC=C2N1C3=C(C=C(C=C3)Cl)C(=NC2)C4=CC=CC=C4F,0
4195,COC1=CC(=C(C=C1)OC)C(CNC(=O)CN)O,0
4205,CN1CCN2C(C1)C3=CC=CC=C3CC4=C2N=CC=C4,1
4211,C1=CC=C(C(=C1)C(C2=CC=C(C=C2)Cl)C(Cl)Cl)Cl,0
4212,C1=CC(=C2C(=C1NCCNCCO)C(=O)C3=C(C=CC(=C3C2=O)O)O)NCCNCCO,1
4474936,CCOC(=O)C(CCC1=CC=CC=C1)NC(C)C(=O)N2CC3=CC(=C(C=C3CC2C(=O)O)OC)OC,0
4260,CC1=CC(=C(C=C1OC(=O)C)C(C)C)OCCN(C)C,1
135444779,C1=CC(=CC=C1C(=O)NC(CCC(=O)O)C(=O)O)NCC2=CN=C3C(=N2)C(=O)NC(=N3)N,0
4409,CC(=O)CCC1=CC2=C(C=C1)C=C(C=C2)OC,0
4411,CC(C)(C)NCC(COC1=CC=CC2=C1CC(C(C2)O)O)O,0
23568,CCOC1=C(C2=CC=CC=C2C=C1)C(=O)NC3C4N(C3=O)C(C(S4)(C)C)C(=O)O,1
4419,C1CC(C1)CN2CCC34C5C(CCC3(C2CC6=C4C(=C(C=C6)O)O5)O)O,0
4472,C1=CC=C(C=C1)CNC(=O)CCNNC(=O)C2=CC=NC=C2,1
4474,CC1=C(C(C(=C(N1)C)C(=O)OCCN(C)CC2=CC=CC=C2)C3=CC(=CC=C3)[N+](=O)[O-])C(=O)OC,0
4497,CC1=C(C(C(=C(N1)C)C(=O)OC(C)C)C2=CC(=CC=C2)[N+](=O)[O-])C(=O)OCCOC,0
66753191,CN(C)CC1=CC=C(O1)CSCCNC(=C[N+](=O)[O-])NCC2=CC3=C(C=C2)OCO3,1
4510,C(C(CO[N+](=O)[O-])O[N+](=O)[O-])O[N+](=O)[O-],0
4528,CN1CC(C2=C(C1)C(=CC=C2)N)C3=CC=CC=C3,1
4539,CCN1C=C(C(=O)C2=CC(=C(C=C21)N3CCNCC3)F)C(=O)O,1
4543,CNCCC=C1C2=CC=CC=C2CCC3=CC=CC=C31,1
383414,CC(C1C(=O)NC(CSSCC(C(=O)NC(C(=O)NC(C(=O)NC(C(=O)N1)CCCCN)CC2=CNC3=CC=CC=C32)CC4=CC=CC=C4)NC(=O)C(CC5=CC=CC=C5)N)C(=O)NC(CO)C(C)O)O,1
4595,CC1=NC=CN1CC2CCC3=C(C2=O)C4=CC=CC=C4N3C,1
13505,CCOC(=O)C1(CCN(CC1)CCC(C#N)(C2=CC=CC=C2)C3=CC=CC=C3)C4=CC=CC=C4,0
4608,CC1=C(C(=NO1)C2=CC=CC=C2)C(=O)NC3C4N(C3=O)C(C(S4)(C)C)C(=O)O,1
2131,CC[N+](CC)(CCNC(=O)C(=O)NCC[N+](CC)(CC)CC1=CC=CC=C1Cl)CC2=CC=CC=C2Cl,0
4680,COC1=C(C=C(C=C1)CC2=NC=CC3=CC(=C(C=C32)OC)OC)OC,1
4724,CC(C)(C)NCC(COC1=CC=CC=C1C2CCCC2)O,0
2349,CC1(C(N2C(S1)C(C2=O)NC(=O)CC3=CC=CC=C3)C(=O)O)C,1
4731,CC1(C(N2C(S1)C(C2=O)NC(=O)COC3=CC=CC=C3)C(=O)O)C,0
4736,CC1C2CC3=C(C1(CCN2CC=C(C)C)C)C=C(C=C3)O,0
4739,C1C(C(OC1N2C=NC3=C2NC=NCC3O)CO)O,1
4748,C1CN(CCN1CCCN2C3=CC=CC=C3SC4=C2C=C(C=C4)Cl)CCO,1
3675,C1=CC=C(C=C1)CCNN,1
16362,C1CN(CCC1N2C3=CC=CC=C3NC2=O)CCCC(C4=CC=C(C=C4)F)C5=CC=C(C=C5)F,0
4828,CC(C)NCC(COC1=CC=CC2=C1C=CN2)O,0
4835,CCN1CCN(C(=O)C1=O)C(=O)NC(C2=CC=CC=C2)C(=O)NC3C4N(C3=O)C(C(S4)(C)C)C(=O)O,0
54676228,CN1C(=C(C2=CC=CC=C2S1(=O)=O)O)C(=O)NC3=CC=CC=N3,1
35935,CC(C1=CC(=C(C=C1)N2CC=CC2)Cl)C(=O)O,1
5161,C1=CC=C(C(=C1)C(=O)OC2=CC=CC=C2C(=O)O)O,1
4911,CCCN(CCC)S(=O)(=O)C1=CC=C(C=C1)C(=O)O,0
4913,CCN(CC)CCNC(=O)C1=CC=C(C=C1)N,1
4932,CCCNCC(COC1=CC=CC=C1C(=O)CCC2=CC=CC=C2)O,1
4946,CC(C)NCC(COC1=CC=CC2=CC=CC=C21)O,0
4943,CC(C)C1=C(C(=CC=C1)C(C)C)O,1
4989,CN1CCCN=C1C=CC2=CC=CS2,0
4993,CCC1=C(C(=NC(=N1)N)N)C2=CC=C(C=C2)Cl,1
4999,C1C(=S)N(C2=C(C=C(C=C2)Cl)C(=N1)C3=CC=CC=C3F)CC(F)(F)F,0
5005,CCOC(=O)C(CCC1=CC=CC=C1)NC(C)C(=O)N2CC3=CC=CC=C3CC2C(=O)O,1
1065,COC1=CC2=C(C=CN=C2C=C1)C(C3CC4CCN3CC4C=C)O,1
5038,CCOC(=O)C(CCC1=CC=CC=C1)NC(C)C(=O)N2C3CCCC3CC2C(=O)O,1
5052,COC1C(CC2CN3CCC4=C(C3CC2C1C(=O)OC)NC5=C4C=CC(=C5)OC)OC(=O)C6=CC(=C(C(=C6)OC)OC)OC,0
5064,C1=NC(=NN1C2C(C(C(O2)CO)O)O)C(=O)N,0
5070,C1=CC2=C(C=C1OC(F)(F)F)SC(=N2)N,1
5073,CC1=C(C(=O)N2CCCCC2=N1)CCN3CCC(CC3)C4=NOC5=C4C=CC(=C5)F,1
5076,CC(C)C1=NC(=CS1)CN(C)C(=O)NC(C(C)C)C(=O)NC(CC2=CC=CC=C2)CC(C(CC3=CC=CC=C3)NC(=O)OCC4=CN=CS4)O,1
3579812,CC(C)(C)NC(=O)C1CC2CCCCC2CN1CC(C(CC3=CC=CC=C3)NC(=O)C(CC(=O)N)NC(=O)C4=NC5=CC=CC=C5C=C4)O,1
5195,CC(CC1=CC=CC=C1)N(C)CC#C,0
9354,C(C(C(=O)O)S)(C(=O)O)S,1
5358,CNS(=O)(=O)CC1=CC2=C(C=C1)NC=C2CCN(C)C,0
5391,CN1C2=C(C=C(C=C2)Cl)C(=NC(C1=O)O)C3=CC=CC=C3,0
5396,COC1=CC(=CC(=C1O)OC)C2C3C(COC3=O)C(C4=CC5=C(C=C24)OCO5)OC6C(C(C7C(O6)COC(O7)C8=CC=CS8)O)O,1
5401,COC1=C(C=C2C(=C1)C(=NC(=N2)N3CCN(CC3)C(=O)C4CCCO4)N)OC,0
5453,C1CN1P(=S)(N2CC2)N3CC3,1
5478,CC(C)(C)NCC(COC1=NSN=C1N2CCOCC2)O,0
5354,CCCCCCCCNC(C)C(C1=CC=C(C=C1)SC(C)C)O,1
5509,CC1=CC=C(C=C1)C(=O)C2=CC=C(N2C)CC(=O)O,1
53359,CN(CC(=O)O)C(=S)C1=CC=CC2=C1C=CC(=C2C(F)(F)F)OC,1
5515,CCC1(C2=C(COC1=O)C(=O)N3CC4=CC5=C(C=CC(=C5CN(C)C)O)N=C4C3=C2)O,0
5523,CN(C)CC1CCCCC1(C2=CC(=CC=C2)OC)O,0
5525,CCOC(=O)C(CCC1=CC=CC=C1)NC(C)C(=O)N2C3CCCCC3CC2C(=O)O,1
5530,C1C(C1N)C2=CC=CC=C2,1
5533,C1CN(CCN1CCCN2C(=O)N3C=CC=CC3=N2)C4=CC(=CC=C4)Cl,1
5546,C1=CC=C(C=C1)C2=NC3=C(N=C(N=C3N=C2N)N)N,1
5556,CC1=NN=C2N1C3=C(C=C(C=C3)Cl)C(=NC2)C4=CC=CC=C4Cl,0
5572,C1CCC(CC1)C(CCN2CCCCC2)(C3=CC=CC=C3)O,0
5577,CN(C)CCOC1=CC=C(C=C1)CNC(=O)C2=CC(=C(C(=C2)OC)OC)OC,0
5578,COC1=CC(=CC(=C1OC)OC)CC2=CN=C(N=C2N)N,1
28858,C1=CC(=CC=C1C2=NC(=CS2)CC(=O)O)Cl,1
65869,C1=CC(=CC=C1S(=O)(=O)NC=NCCSCC2=CSC(=N2)N=C(N)N)Br,1
71771,C1=CC=C(C(=C1)CC(=O)OCC(=O)O)NC2=C(C=CC=C2Cl)Cl,1
71900,CC1=NC(=CN1C2=CC=C(C=C2)[N+](=O)[O-])[N+](=O)[O-],1
135483437,CC(C)C(C(=O)OCCOCN1C=NC2=C1N=C(NC2=O)N)N,1
5650,CCCCC(=O)N(CC1=CC=C(C=C1)C2=CC=CC=C2C3=NNN=N3)C(C(C)C)C(=O)O,1
57394584,CCCCCOC(CN1C(=O)C(C(=O)N(C1=O)CC(COCCCC)OC(=O)N)(CC)C2=CC=CC=C2)OC(=O)N.CCCCOCC(CN1C(=O)C(C(=O)NC1=O)(CC)C2=CC=CC=C2)OC(=O)N.CCC1(C(=O)NC(=O)NC1=O)C2=CC=CC=C2,1
3717450,CCC1(CC2CC(C3=C(CCN(C2)C1)C4=CC=CC=C4N3)(C5=C(C=C6C(=C5)C78CCN9C7C(C=CC9)(C(C(C8N6C=O)(C(=O)OC)O)OC(=O)C)CC)OC)C(=O)OC)O,1
239062,CCOC(C(=O)C1=CC=C(C=C1)C2=CC=CC=C2)NC3=CC=C(C=C3)C(=O)O,1
5717,CC1=CC=CC=C1S(=O)(=O)NC(=O)C2=CC(=C(C=C2)CC3=CN(C4=C3C=C(C=C4)NC(=O)OC5CCCC5)C)OC,1
6918508,CN1CCC(CC1)NC2=NC=C3C(=N2)C(=NC=N3)NC4=CC(=C(C=C4)F)Cl,1
41987,CN(C)CC=C(C1=CC=C(C=C1)Br)C2=CN=CC=C2,1
2519,CN1C=NC2=C1C(=O)N(C(=O)N2C)C,0
73174934,CC1C(=O)NC(C(=O)NC(=CNC(=O)N)C(=O)NC(C(=O)NCC(C(=O)N1)N)C2CCN=C(N2)N)CNC(=O)CC(CCCN)N.C1CN=C(NC1C2C(=O)NCC(C(=O)NC(C(=O)NC(C(=O)NC(=CNC(=O)N)C(=O)N2)CNC(=O)CC(CCCN)N)CO)N)N,0
3676,CCN(CC)CC(=O)NC1=C(C=CC=C1C)C,0
4054,CC12CC3CC(C1)(CC(C3)(C2)N)C,1
4674,C(CN)C(O)(P(=O)(O)O)P(=O)(O)O,0
4979943,CC(C)C1=NC(=NC(=C1C=CC(CC(CC(=O)O)O)O)C2=CC=C(C=C2)F)N(C)S(=O)(=O)C,1
5328,CC1=NN=C(S1)NS(=O)(=O)C2=CC=C(C=C2)N,1
21881641,CCC1C2(C(C(C(=O)C(CC(C(C(C(=O)C(C(=O)O1)C)C)OC3C(C(CC(O3)C)N(C)C)O)(C)OC)C)C)N(C(=O)O2)CCCCN4C=C(N=C4)C5=CN=CC=C5)C,1
4659568,CCN(CC)C(=O)C(=CC1=CC(=C(C(=C1)O)O)[N+](=O)[O-])C#N,1
119607,CC1=C(C(=NO1)C2=CC=CC=C2)C3=CC=C(C=C3)S(=O)(=O)N,1
4678,CC(C)(CO)C(C(=O)NCCCO)O,0
5184,CN1C2CC(CC1C3C2O3)OC(=O)C(CO)C4=CC=CC=C4,0
1054,CC1=NC=C(C(=C1O)CO)CO,0
1130,CC1=C(SC=[N+]1CC2=CN=C(N=C2N)C)CCO,0
44135002,CC1=CC2=C(C=C1C)[N+](=CN2)C3C(C(C(O3)CO)OP(=O)(O)OC(C)CNC(=O)CCC4(C(C5C6(C(C(C(=N6)C(=C7C(C(C(=CC8=NC(=C(C4=N5)C)C(C8(C)C)CCC(=N)[O-])N7)CCC(=N)[O-])(C)CC(=O)N)C)CCC(=N)[O-])(C)CC(=O)N)C)CC(=O)N)C)O.[C]#N.[Co+2],0
2882,C1=CC2=C(C(=C1)OCC(COC3=CC=CC4=C3C(=O)C=C(O4)C(=O)O)O)C(=O)C=C(O2)C(=O)O,1
4248,CC(C)(C1=CC=CC=C1CCC(C2=CC=CC(=C2)C=CC3=NC4=C(C=CC(=C4)Cl)C=C3)SCC5(CC5)CC(=O)O)O,1
4259,COC1=C2C(=CC(=C1N3CC4CCCNC4C3)F)C(=O)C(=CN2C5CC5)C(=O)O,1
54676860,C(C(C1C(=C(C(=O)O1)O)O)O)O,0
400633,CCCCCOC(=O)NC1=NC(=O)N(C=C1F)C2C(C(C(O2)C)O)O,0
3911,CCNC(=O)C1CCCN1C(=O)C(CCCN=C(N)N)NC(=O)C(CC(C)C)NC(=O)C(CC(C)C)NC(=O)C(CC2=CC=C(C=C2)O)NC(=O)C(CO)NC(=O)C(CC3=CNC4=CC=CC=C43)NC(=O)C(CC5=CN=CN5)NC(=O)C6CCC(=O)N6,1
156850,CN1CCCC1CC2=CNC3=C2C=C(C=C3)CCS(=O)(=O)C4=CC=CC=C4,0
3652,CCN(CCCC(C)NC1=C2C=CC(=CC2=NC=C1)Cl)CCO,1
18670936,CCOC(=O)CNC(C1CCCCC1)C(=O)N2CCC2C(=O)NCC3=CC=C(C=C3)C(=NO)N,1
122252,CNCCC(C1=CC=CS1)OC2=CC=CC3=CC=CC=C32,1
2576,CCCC(C)(COC(=O)N)COC(=O)NC(C)C,0
3041,CC1=C(C(=NO1)C2=C(C=CC=C2Cl)Cl)C(=O)NC3C4N(C3=O)C(C(S4)(C)C)C(=O)O,1
4170,CC1NC2=CC(=C(C=C2C(=O)N1C3=CC=CC=C3C)S(=O)(=O)N)Cl,0
11806,CC(C)(CO)N.CN1C2=C(C(=O)N(C1=O)C)NC(=N2)Br,0
3008,CN1CCC23CCCCC2C1CC4=C3C=C(C=C4)OC,0
65281,CCC(C)C1C(=O)NC(C(=O)NC(C(=O)NC(C(=O)NC(C(=O)NCCCCC(C(=O)NC(C(=O)N1)CCCN)NC(=O)C(C(C)CC)NC(=O)C(CCC(=O)O)NC(=O)C(CC(C)C)NC(=O)C2CSC(=N2)C(C(C)CC)N)CC(=O)N)CC(=O)O)CC3=CN=CN3)CC4=CC=CC=C4,0
4689,C1C(C(C(C(C1N)OC2C(C(C(C(O2)CO)O)O)N)OC3C(C(C(O3)CO)OC4C(C(C(C(O4)CN)O)O)N)O)O)N,0
65999,CCCC1=NC2=C(N1CC3=CC=C(C=C3)C4=CC=CC=C4C(=O)O)C=C(C=C2C)C5=NC6=CC=CC=C6N5C,1
25517,[NH4+].[Cl-],0
16231,C1(=C(N=C(C(=N1)Cl)N)N)C(=O)N=C(N)N,1
4163,CCC(CO)NC(=O)C1CN(C2CC3=CN(C4=CC=CC(=C34)C2=C1)C)C,0
4140,CCC(CO)NC(=O)C1CN(C2CC3=CNC4=CC=CC(=C34)C2=C1)C,0
232,C(CC(C(=O)O)N)CN=C(N)N,0
4991,C[N+]1=CC=CC(=C1)OC(=O)N(C)C,0
4768,CC(COC1=CC=CC=C1)N(CCCl)CC2=CC=CC=C2,0
4634,CCN(CC)CC#CCOC(=O)C(C1CCCCC1)(C2=CC=CC=C2)O,0
4601,CC1=CC=CC=C1C(C2=CC=CC=C2)OCCN(C)C,0
3955,CN(C)C(=O)C(CCN1CCC(CC1)(C2=CC=C(C=C2)Cl)O)(C3=CC=CC=C3)C4=CC=CC=C4,0
3783,CC(COC1=CC=CC=C1)NC(C)C(C2=CC=C(C=C2)O)O,0
3474,C1=CC=C(C(=C1)C(=O)OCC(CO)O)NC2=C3C=CC(=CC3=NC=C2)Cl,1
6060,CC(=O)OCC[N+](C)(C)C.[Cl-],0
6075,CN1CCCC(C1)CN2C3=CC=CC=C3SC4=CC=CC=C42,1
4432,CCCCCCCCCC(=O)OC1CCC2C1(CCC3C2CCC4=CC(=O)CCC34)C,1
24199313,CCP(CC)CC.CC(=O)OCC1C(C(C(C(O1)[S-])OC(=O)C)OC(=O)C)OC(=O)C.[Au+],1
6433516,CO[Si](C)(C)O[Si](C)(C)C.O=[Si]=O,0
247,C[N+](C)(C)CC(=O)[O-],0
2391,CC(=O)OC1=CC=C(C=C1)C(C2=CC=C(C=C2)OC(=O)C)C3=CC=CC=N3,0
135402009,C1C(N(C2=C(N1)N=C(NC2=O)N)C=O)CNC3=CC=C(C=C3)C(=O)NC(CCC(=O)O)C(=O)O,0
208908,CS(=O)(=O)CCNCC1=CC=C(O1)C2=CC3=C(C=C2)N=CN=C3NC4=CC(=C(C=C4)OCC5=CC(=CC=C5)F)Cl,1
4603,CCC(CC)OC1C=C(CC(C1NC(=O)C)N)C(=O)OCC,0
2081,CC(C(=O)OC(C)(C)CC1=CC=C(C=C1)Cl)N,1
4599,CCCCCCCCCCCC(CC1C(C(=O)O1)CCCCCC)OC(=O)C(CC(C)C)NC=O,1
2215,CN1CCC2=C3C1CC4=C(C3=CC=C2)C(=C(C=C4)O)O,0
3066,CC1(C(=O)N2C(C(=O)N3CCCC3C2(O1)O)CC4=CC=CC=C4)NC(=O)C5CC6C(CC7=CNC8=CC=CC6=C78)N(C5)C,0
4919,C1CCC(CC1)C(CCN2CCCC2)(C3=CC=CC=C3)O,0
2781,CC(C1=CC=CC=C1)(C2=CC=C(C=C2)Cl)OCCC3CCCN3C,0
64987,CC(CN1C=NC2=C(N=CN=C21)N)OCP(=O)(O)O,1
541197,CC(=O)OC1(CCC2C1(CCC3C2CCC4=CC(=O)CCC34)C)C#C,0
71341166,CC(C(=NO)C)NCC(C)(C)CNC(C)C(=NO)C,0
8230,C1CC(N(C1)C(=O)C2CSSCC(C(=O)NC(C(=O)NC(C(=O)NC(C(=O)NC(C(=O)N2)CC(=O)N)CCC(=O)N)CC3=CC=CC=C3)CC4=CC=C(C=C4)O)N)C(=O)NC(CCCN=C(N)N)C(=O)NCC(=O)N,0
516892,C(=O)(O)[O-].[Na+],0
65015,C1CNCCNCCCN(CCNC1)CC2=CC=C(C=C2)CN3CCCNCCNCCCNCC3,0
5610,C1=CC(=CC=C1CCN)O,0
9961939,CCOC1=CC=C(C=C1)CC(CN(CCN(CC(=O)[O-])CC(=O)[O-])CC(=O)[O-])N(CC(=O)[O-])CC(=O)[O-].[Na+].[Na+].[Gd+3],0
131664244,CN1C(CNC2=C1C(=O)NC(=N2)N)CNC3=CC=C(C=C3)C(=O)NC(CCC(=O)[O-])C(=O)[O-].[Ca+2],0
216235,CC1=CC2=C(C=C1CC(=O)C3=C(C=CS3)S(=O)(=O)NC4=C(C(=NO4)C)Cl)OCO2,1
3363,C1C(C(OC1N2C=C(C(=O)NC2=O)F)CO)O,1
3364,CC1=C(C(=NO1)C2=C(C=CC=C2Cl)F)C(=O)NC3C4N(C3=O)C(C(S4)(C)C)C(=O)O,1
3562,C(C(F)(F)F)(Cl)Br,1
1989,CC(=O)C1=CC=C(C=C1)S(=O)(=O)NC(=O)NC2CCCCC2,1
216210,CN1C2=C(C=C(C=C2)C(=O)N(CCC(=O)O)C3=CC=CC=N3)N=C1CNC4=CC=C(C=C4)C(=N)N,1
3475,CC1=CC=C(C=C1)S(=O)(=O)NC(=O)NN2CC3CCCC3C2,1
3695,CC(C1C2CC(=C(N2C1=O)C(=O)O)SCCN=CN)O,1
3817,CC1=C(C(=CC=C1)C)OCC(=O)NC(CC2=CC=CC=C2)C(CC(CC3=CC=CC=C3)NC(=O)C(C(C)C)N4CCCNC4=O)O,1
23897,CCC1=C(NC2=C1C(=O)C(CC2)CN3CCOCC3)C,1
230076,CC1C(C(CC(O1)OC2CC(OC(C2O)C)OC3=CC4=CC5=C(C(=O)C(C(C5)C(C(=O)C(C(C)O)O)OC)OC6CC(C(C(O6)C)O)OC7CC(C(C(O7)C)O)OC8CC(C(C(O8)C)O)(C)O)C(=C4C(=C3C)O)O)O)O,1
3006171,CC1=CC(=CC(=C1NC2=NC(=NC=C2)NC3=CC=C(C=C3)C#N)C)C=CC#N,1
5470,CC1CC2=C(CCC(=O)C2)C3C1C4CCC(C4(CC3)C)(C#C)O,1
5496,C1C(C(C(C(C1N)OC2C(C(C(C(O2)CO)O)N)O)O)OC3C(CC(C(O3)CN)O)N)N,1
24776445,CS(=O)(=O)C1=CC(=C(C=C1)C(=O)NC2=CC(=C(C=C2)Cl)C3=CC=CC=N3)Cl,1
411697,CN1CCC23C4C1CC5=C2C(=C(C=C5)OC)OC3C(=O)CC4,0
5718,C1CC(OC1CO)N2C=CC(=NC2=O)N,0
55756,CC1=CC=C(C=C1)C(=CCN2CCCC2)C3=CC=CC(=N3)C=CC(=O)O,0
2164,CCC1(C(=O)NC(=O)NC1=O)CCC(C)C,0
500199,CC1CCC2C(C(OC3C24C1CCC(O3)(OO4)C)OC)C,0
35330,CC1=CC=C(C=C1)C(=O)OC2=C(C=C(C=C2)C(CNC(C)(C)C)O)OC(=O)C3=CC=C(C=C3)C,0
2481,CC(C)CC1(C(=O)NC(=O)NC1=O)CC=C,0
6473,CCCCC1(C(=O)NC(=O)NC1=O)CC,0
2578,C(CCl)NC(=O)N(CCCl)N=O,0
2707,C(C(Cl)(Cl)Cl)(O)O,0
54677440,CC1(C2CC3C(C(=O)C(=C(C3(C(=O)C2=C(C4=C(C=CC(=C41)Cl)O)O)O)O)C(=O)N)N(C)C)O,0
104867,CC1(CC1C(=O)NC(=CCCCCSCC(C(=O)O)N)C(=O)O)C,0
2769,COC1CN(CCC1NC(=O)C2=CC(=C(C=C2OC)N)Cl)CCCOC3=CC=C(C=C3)F,0
24950485,CC(C)C1=NC(=CS1)CN(C)C(=O)NC(CCN2CCOCC2)C(=O)NC(CCC(CC3=CC=CC=C3)NC(=O)OCC4=CN=CS4)CC5=CC=CC=C5,0
11339,CCCCC(CC)COC(=O)CC(C(=O)OCC(CC)CCCC)S(=O)(=O)O,0
3251,CC1(C(=O)N2C(C(=O)N3CCCC3C2(O1)O)CC4=CC=CC=C4)NC(=O)C5CN(C6CC7=CNC8=CC=CC(=C78)C6=C5)C,0
3278,CCC(=C)C(=O)C1=C(C(=C(C=C1)OCC(=O)O)Cl)Cl,0
3345,CCC(=O)N(C1CCN(CC1)CCC2=CC=CC=C2)C3=CC=CC=C3,0
3410,CC(CC1=CC=C(C=C1)OC)NCC(C2=CC(=C(C=C2)O)NC=O)O,0
3467,CC(C1CCC(C(O1)OC2C(CC(C(C2O)OC3C(C(C(CO3)(C)O)NC)O)N)N)N)NC,0
3623,CN1C2CCC1CC(C2)OC(=O)C(C3=CC=CC=C3)O,0
3746,CC(C)[N+]1(C2CCC1CC(C2)OC(=O)C(CO)C3=CC=CC=C3)C,0
3913,C1CSC2=NC(CN21)C3=CC=CC=C3,0
836,C1=CC(=C(C=C1CC(C(=O)O)N)O)O,0
91978180,CCCCCCCCCCCCCCCC(=O)NC(CCC(=O)NCCCCC(C(=O)NC(CCC(=O)O)C(=O)NC(CC1=CC=CC=C1)C(=O)NC(C(C)CC)C(=O)NC(C)C(=O)NC(CC2=CNC3=CC=CC=C32)C(=O)NC(CC(C)C)C(=O)NC(C(C)C)C(=O)NC(CCCNC(=N)N)C(=O)NCC(=O)NC(CCCNC(=N)N)C(=O)NCC(=O)O)NC(=O)C(C)NC(=O)C(C)NC(=O)C(CCC(=O)N)NC(=O)CNC(=O)C(CCC(=O)O)NC(=O)C(CC(C)C)NC(=O)C(CC4=CC=C(C=C4)O)NC(=O)C(CO)NC(=O)C(CO)NC(=O)C(C(C)C)NC(=O)C(CC(=O)O)NC(=O)C(CO)NC(=O)C(C(C)O)NC(=O)C(CC5=CC=CC=C5)NC(=O)C(C(C)O)NC(=O)CNC(=O)C(CCC(=O)O)NC(=O)C(C)NC(=O)C(CC6=CN=CN6)N)C(=O)O,0
4422,C=C1CCC2(C3CC4=C5C2(C1OC5=C(C=C4)O)CCN3CC6CC6)O,0
4923,CC(C)N=C(N)N=C(N)NC1=CC=C(C=C1)Cl,0
5152,C1=CC=C(C=C1)CCCCOCCCCCCNCC(C2=CC(=C(C=C2)O)CO)O,0
4836,CC1(C(N2C(S1(=O)=O)CC2=O)C(=O)O)CN3C=CN=N3,0
3000715,CCCC(C)C1(C(=O)NC(=S)NC1=O)CC,0
5471,CC1(C(N2C(S1)C(C2=O)NC(=O)C(C3=CSC=C3)C(=O)O)C(=O)O)C,0
60831,C[N+]1(C2CC(CC1C3C2O3)OC(=O)C(C4=CC=CS4)(C5=CC=CS5)O)C,0
5721,CC(=O)NC1C(C=C(OC1C(C(CO)O)O)C(=O)O)N=C(N)N,0
1981,CC1=C(C2=C(N1C(=O)C3=CC=C(C=C3)Cl)C=CC(=C2)OC)CC(=O)OCC(=O)O,1
1985,CC(=O)NC1=C(C=CC(=C1)[As](=O)(O)O)O,1
18707085,CC(C(=O)NC(C)C(=O)NC1C2C1CN(C2)C3=C(C=C4C(=O)C(=CN(C4=N3)C5=C(C=C(C=C5)F)F)C(=O)O)F)N,1
5574,CC(CN1C2=CC=CC=C2SC3=CC=CC=C31)CN(C)C,1
15,CC12CCC(=O)CC1CCC3C2CCC4(C3CCC4O)C,1
2240,CC1CCC2C(C(=O)OC3C24C1CCC(O3)(OO4)C)C,1
105031,CC1CCC2C(C(OC3C24C1CCC(O3)(OO4)C)OC(=O)CCC(=O)O)C,1
2474,CCCCN1CCCCC1C(=O)NC2=C(C=CC=C2C)C,1
15361820,C(=[N-])=[N-].[Ca+2],1
31072,CCOC(=O)N1C=CN(C1=S)C,1
2676,CC(C)C1=C(C(=C(C(=N1)C(C)C)COC)C2=CC=C(C=C2)F)C=CC(CC(CC(=O)O)O)O,1
2751,CCOC(=O)C(CCC1=CC=CC=C1)NC2CCCN3CCCC(N3C2=O)C(=O)O,1
68867,CCOC1=CC(=C(C=C1C(=O)NC2CCN(CC2)CC3CCC=CC3)[N+](=O)[O-])N,1
10783,CC1=C(SC=N1)CCCl,1
2811,CCC1=CC2=C(S1)N(C(=O)CN=C2C3=CC=CC=C3Cl)C,1
2826,CN1C2CCC1C(C(C2)OC(=O)C3=CC=CC=C3)C(=O)OC,1
3015,CC(=O)C1(CCC2C1(CCC3C2C=C(C4=CC(=O)C5CC5C34C)Cl)C)O,1
76,CC12CCC3C(C1CCC2=O)CC=C4C3(CCC(C4)O)C,1
42113,C(C(F)(F)F)(OC(F)F)F,1
54676038,C1=CC=C2C(=C1)C(=C(C(=O)O2)CC3=C(C4=CC=CC=C4OC3=O)O)O,1
3191,CC(C)(C)C1=CC=C(C=C1)C(=O)CCCN2CCC(CC2)OC(C3=CC=CC=C3)C4=CC=CC=C4,1
3226,C(C(OC(F)F)(F)F)(F)Cl,1
3269,CC12CCC3C(C1CC(C2O)O)CCC4=C3C=CC(=C4)O,1
3285,CC12CCC3C(C1CCC2(C#C)O)CCC4=C3C=CC(=C4)O,1
3312,CCOC(=O)C=C(C)C=CC=C(C)C=CC1=C(C(=C(C=C1C)OC)C)C,1
17012,C1CN(CCN1CCC=C2C3=CC=CC=C3SC4=C2C=C(C=C4)C(F)(F)F)CCO,1
3443,CC1C2CCC3(C(C2(CCC1O)C)C(CC4C3(CC(C4=C(CCC=C(C)C)C(=O)O)OC(=O)C)C)O)C,1
739,C(C1C(C(C(C(O1)O)N)O)O)O,1
,CC1C(=O)NC2CSSCC3C(=O)NC(C(=O)NC(C(=O)NC(CSSC(NC(=O)CNC(=O)C(NC2=O)C(C)O)C(=O)NC(CC4=CC=C(C=C4)O)C(=O)O)C(=O)NC(CSSCC(C(=O)N3)NC(=O)C(CC5=CC=C(C=C5)O)NC(=O)C(CC(=O)N)NC(=O)C(CO)NC(=O)C(CO)NC(=O)C(CC(=O)N)N)C(=O)NC(C(=O)N6CCCC6C(=O)N1)CC(=O)N)CC(C)C)CCC(=O)O,1
163093,CC(C)NC1=NC=CC=N1.OP(=O)(O)O,1
3804,CC1CC=CC=CC(C(CC(C(C(C(CC(=O)O1)OC(=O)C)OC)OC2C(C(C(C(O2)C)OC3CC(C(C(O3)C)OC(=O)CC(C)C)(C)O)N(C)C)O)CC=O)C)O,1
3916,CC(CN1C2=CC=CC=C2SC3=C1C=C(C=C3)OC)CN(C)C,1
15387,CC1CCN(CC1)CCCC(=O)C2=CC=C(C=C2)F,1
3111,CC1=C(C(=O)N(N1C)C2=CC=CC=C2)N(C)CS(=O)(=O)O,1
4116,COC(C(Cl)Cl)(F)F,1
4488,C1=CC(=CC(=C1)NC2=C(C=CC=N2)C(=O)O)C(F)(F)F,1
4857,CC1(C(N2C(S1)C(C2=O)N=CN3CCCCCC3)C(=O)OCOC(=O)C(C)(C)C)C,1
31729,CC(C(C1=CC=C(C=C1)O)O)NCCC2=CC=C(C=C2)O,1
5090,CS(=O)(=O)C1=CC=C(C=C1)C2=C(C(=O)OC2)C3=CC=CC=C3,1
5106,CCC1C(C(C(C(=NOCOCCOC)C(CC(C(C(C(C(C(=O)O1)C)OC2CC(C(C(O2)C)O)(C)OC)C)OC3C(C(CC(O3)C)N(C)C)O)(C)O)C)C)O)(C)O,1
5277,CC12CCC3C(C1CCC2(C)O)CCC4C3(CC5=C(C4)NN=C5)C,1
1935,C1CCC2=NC3=CC=CC=C3C(=C2C1)N,1
54677971,CN1C(=C(C2=C(S1(=O)=O)C=CS2)O)C(=O)NC3=CC=CC=N3,1
5803,C1=CC(=C(C=C1OC2=C(C=C(C=C2I)CC(=O)O)I)I)O,1
25077179,CC(C)CC(C(=O)NC(CCCN=C(N)N)C(=O)N1CCCC1C(=O)NCC(=O)N)NC(=O)C(CC2=CNC3=CC=CC=C32)NC(=O)C(CC4=CC=C(C=C4)O)NC(=O)C(CO)NC(=O)C(CC5=CNC6=CC=CC=C65)NC(=O)C(CC7=CN=CN7)NC(=O)C8CCC(=O)N8,1
4754,CCOC1=CC=C(C=C1)NC(=O)C,1
2406,C1=C(C=C(C(=C1SC2=C(C(=CC(=C2)Cl)Cl)O)O)Cl)Cl,1
3598,C1=C(C(=C(C(=C1Cl)Cl)CC2=C(C(=CC(=C2Cl)Cl)Cl)O)O)Cl,1
4098,CN(C)CCN(CC1=CC=CS1)C2=CC=CC=N2,1
5587,CN(C)CCN(CC1=CC=CC=C1)C2=CC=CC=N2,1
1923,C1=CC2=C(C(=C1)O)N=CC=C2,1
4103,CC1(C(N2C(S1)C(C2=O)NC(=O)C3=C(C=CC=C3OC)OC)C(=O)O)C,1
2179,COC1=C(C=CC(=C1)NS(=O)(=O)C)NC2=C3C=CC=CC3=NC4=CC=CC=C42,1
3435,C1COC(=O)N1N=CC2=CC=C(O2)[N+](=O)[O-],1
3634,CCN(CC)CCNC1=C2C(=C(C=C1)CO)SC3=CC=CC=C3C2=O,1
3687,C1C(C(OC1N2C=C(C(=O)NC2=O)I)CO)O,1
54678491,CC1=C(C=CC2=C1OC(=O)C(=C2O)NC(=O)C3=CC(=C(C=C3)O)CC=C(C)C)OC4C(C(C(C(O4)(C)C)OC)OC(=O)N)O,1
68870,CN1C2=CC=CC=C2C(C3=C(S1(=O)=O)C=C(C=C3)Cl)NCCCCCCC(=O)O,1
54676011,CN(C)C1C2C(C3C(=C)C4=C(C(=CC=C4)O)C(=C3C(=O)C2(C(=C(C1=O)C(=O)N)O)O)O)O,1
2351,CC(C)COCC(CN(CC1=CC=CC=C1)C2=CC=CC=C2)N3CCCC3,1
2366,CNCCC1=CC=CC=N1,1
2763,CC(C)(C(=O)O)OC1=CC=C(C=C1)C2CC2(Cl)Cl,1
3052,CCN(CC)C(=O)N1CCN(CC1)C,1
3343,CC(CC1=CC=C(C=C1)O)NCC(C2=CC(=CC(=C2)O)O)O,1
4781,CCCCC1C(=O)N(N(C1=O)C2=CC=CC=C2)C3=CC=CC=C3,1
3304,CC(=O)OC1CCC2C3CCC4(C(C3CCC2=C1)CCC4(C#C)OC(=O)C)C,1
12299878,CC(C)CC(=O)OC1C(C(C(OC1OC2CC(C3CCC45CC(CCC4C3(C2)C)C(=C)C5O)C(=O)O)CO)OS(=O)(=O)[O-])OS(=O)(=O)[O-].[K+].[K+],1
60021,CC1CN(CCN1)C2=C(C=C3C(=C2)N(C=C(C3=O)C(=O)O)C4=C(C=C(C=C4)F)F)F,1
2614,CN1C(=NN=N1)SCC2=C(N3C(C(C3=O)NC(=O)C(C4=CC=CC=C4)O)SC2)C(=O)O,1
2165,CCN(CC)CC1=C(C=CC(=C1)NC2=C3C=CC(=CC3=NC=C2)Cl)O,1
3487,CCC1(CCC(=O)NC1=O)C2=CC=CC=C2,1
5333,C1=CC(=CC=C1N)S(=O)(=O)N,1
5897,CC(=O)NC1=CC2=C(C=C1)C3=CC=CC=C3C2,1
5965,CN(CCCCCCCCCCN(C)C(=O)OC1=CC=CC(=C1)[N+](C)(C)C)C(=O)OC2=CC=CC(=C2)[N+](C)(C)C.[Br-].[Br-],1
2612,CC(=O)OCC1=C(N2C(C(C2=O)NC(=O)CC3=CC=CS3)SC1)C(=O)O,1
6194,C1=C(C(=O)NC(=O)N1)N(CCCl)CCCl,1
8271,CCC1(C(=O)NC(=O)N(C1=O)C)C2=CC=CC=C2,1
54676537,CC(=O)CC(C1=CC=C(C=C1)[N+](=O)[O-])C2=C(C3=CC=CC=C3OC2=O)O,1
11080,C1=CC=C2C(=C1)C=CC=C2N=C=S,1
14403,COC1=C2C3=C(C(=O)CC3)C(=O)OC2=C4C5C=COC5OC4=C1,1
42266,CC1(CC2=CC(=C(C(=C2C1=O)Cl)Cl)OCC(=O)O)C3=CC=CC=C3,1
2635,CN(C)CCN1C(=NN=N1)SCC2=C(N3C(C(C3=O)NC(=O)CC4=CSC(=N4)N)SC2)C(=O)O,1
418931,CC1CC(C(C(O1)OC2C(CC3(CO3)C(=O)C(C(C(C(OC(=O)C(C(C2C)OC4CC(C(C(O4)C)OC(=O)C)OC)C)C)C)OC(=O)C)C)C)OC(=O)C)N(C)C,1
71175,C1CCC(CC1)C(CC2CCCCN2)C3CCCCC3.C(=CC(=O)O)C(=O)O,1
2750,CC1(CCCCC1)COC2=CC=C(C=C2)CC3C(=O)NC(=O)S3,1
3396,C1CN(CCC12C(=O)NCN2C3=CC=CC=C3)CCCC(C4=CC=C(C=C4)F)C5=CC=C(C=C5)F,1
5943,C(Cl)(Cl)(Cl)Cl,1
3032577,C(C1C(C(C(C(O1)[S-])O)O)O)O.[Au+],1
7108,C1=CC=C2C(=C1)NC3=CC=CC=C3S2,1
7858,C=CCO,1
7961,C1=CC=C(C=C1)Br,1
19861,CN1CCC(=C2C3=CC=CC=C3CCC4=C2N=CC=C4)CC1,1
61278,C=CCOC=O,1
22338,CC(CCC(=O)NCCS(=O)(=O)O)C1CCC2C1(CCC3C2C(CC4C3(CCC(C4)O)C)O)C,1
21630,CCCCC(CC)COC(=O)C=CC1=CC=C(C=C1)OC,1
3827,CN1CCC(=C2C3=C(C(=O)CC4=CC=CC=C42)SC=C3)CC1,0
40326,CC1(C(C1C(=O)OCC2=CC(=CC=C2)OC3=CC=CC=C3)C=C(Cl)Cl)C,0
5749,CC[N+](C)(CC)CCOC(=O)C(C1CCCCC1)(C2=CC=CC=C2)O,0
1051,CC1=NC=C(C(=C1O)C=O)COP(=O)(O)O,0
2145,CCC1(CCC(=O)NC1=O)C2=CC=C(C=C2)N,0
5411,CCCCNC1=CC=C(C=C1)C(=O)OCCN(C)C,0
4189,C1=CC(=C(C=C1Cl)Cl)COC(CN2C=CN=C2)C3=C(C=C(C=C3)Cl)Cl,0
727,C1(C(C(C(C(C1Cl)Cl)Cl)Cl)Cl)Cl,0
2247,COC1=CC=C(C=C1)CCN2CCC(CC2)NC3=NC4=CC=CC=C4N3CC5=CC=C(C=C5)F,0
2749,CC1=CC(=O)N(C(=C1)C2CCCCC2)O,0
5405,CC(C)(C)C1=CC=C(C=C1)C(CCCN2CCC(CC2)C(C3=CC=CC=C3)(C4=CC=CC=C4)O)O,0
6082,CC(C(C1=C(C=CC(=C1)OC)OC)O)N,0
2308,CC1CC2C3CCC4=CC(=O)C=CC4(C3(C(CC2(C1(C(=O)CO)O)C)O)Cl)C,0
39042,CC(C)(C(=O)O)OC1=CC=C(C=C1)CCNC(=O)C2=CC=C(C=C2)Cl,0
54766,CC(C)(C)NCC(C1=CC(=CC(=C1)OC(=O)N(C)C)OC(=O)N(C)C)O,0
6172,CC[N+](CC)(CC)CCOC1=C(C(=CC=C1)OCC[N+](CC)(CC)CC)OCC[N+](CC)(CC)CC.[I-].[I-].[I-],0
896,CC(=O)NCCC1=CNC2=C1C=C(C=C2)OC,0
4122,COC(=O)NC1=NC2=C(N1)C=C(C=C2)C(=O)C3=CC=CS3,0
5733,CC1=C(N(C(=C1)CC(=O)O)C)C(=O)C2=CC=C(C=C2)Cl,0
5781,C1(=O)C(=O)NC(=O)NC1=O,0
4688,CN(CC#C)CC1=CC=CC=C1,0
4912,CC(C)(C)C1=CC(=CC(=C1O)C(C)(C)C)SC(C)(C)SC2=CC(=C(C(=C2)C(C)(C)C)O)C(C)(C)C,0
294,C(C1C(C(C(C(O1)OC2C(OC(C(C2O)O)O)CO)O)O)O)O,0
8944,CCOC(=O)C1(CCN(CC1)CCC2=CC=C(C=C2)N)C3=CC=CC=C3,0
3901273,C[N+](C)(C)CCOP(=O)([O-])OP(=O)(O)OCC1C(C(C(O1)N2C=CC(=NC2=O)N)O)O,0
4659388,CC1CC2C3CCC4=CC(=O)C=CC4(C3(C(CC2(C1(C(=O)CCl)O)C)O)Cl)C,0
2548,CC(C)C=CCCCCC(=O)NCC1=CC(=C(C=C1)O)OC,0
3250,CC(CO)NC(=O)C1CN(C2CC3=CNC4=CC=CC(=C34)C2=C1)C,0
3198,C1=CC(=CC=C1COC(CN2C=CN=C2)C3=C(C=C(C=C3)Cl)Cl)Cl,0
65495,C1=CC(=CC=C1CSC(CN2C=CN=C2)C3=C(C=C(C=C3)Cl)Cl)Cl.[N+](=O)(O)[O-],0
5319,C1=CC=C(C=C1)C(=O)NS(=O)(=O)C2=CC=C(C=C2)N,0
2616,CC(=O)OCC1=C(N2C(C(C2=O)NC(=O)CSC3=CC=NC=C3)SC1)C(=O)O,0
2271,CC1(C(N2C(S1)C(C2=O)NC(=O)C(C3=CC=CC=C3)NC(=O)N4CCNC4=O)C(=O)O)C,0
47472,C1=CC(=C(C(=C1)Cl)SC(CCC2=CC=C(C=C2)Cl)CN3C=CN=C3)Cl,0
5230270,CC(C)C1C2=C(CCC1(CCN(C)CCCC3=NC4=CC=CC=C4N3)OC(=O)COC)C=C(C=C2)F,0
4630913,CCOC(CC1=CC=C(C=C1)OCCN2C3=CC=CC=C3OC4=CC=CC=C42)C(=O)O,0
53629521,C1=CC=C(C(=C1)C(=O)[O-])[O-].[OH-].[Bi+3],0
54677972,CC1=CC(=NO1)NC(=O)C2=C(C3=CC=CC=C3S(=O)(=O)N2C)O,0
892,C1(C(C(C(C(C1O)O)O)O)O)O,0
3889,CN1C(=NN=N1)SCC2=C(N3C(C(C3=O)(NC(=O)C(C4=CC=C(C=C4)O)C(=O)O)OC)OC2)C(=O)O,0
21879648,CC12CCC(CC1=CCC3C2CCC4(C3CC=C4C5=CN=CC=C5)C)O,1
107751,CC(=O)SCC(CC1=CC=CC=C1)C(=O)NCC(=O)OCC2=CC=CC=C2,1
2091,CC(C)CCCC(C)C1CCC2C1(CCCC2=CC=C3CC(CC(C3=C)O)O)C,1
2132,C1CC(CCC1NCC2=C(C(=CC(=C2)Br)Br)N)O,1
137,C(CC(=O)O)C(=O)CN,1
2159,CCN1CCCC1CNC(=O)C2=CC(=C(C=C2OC)N)S(=O)(=O)CC,1
2176,CCOC(=O)OC(C)OC1=C(N(S(=O)(=O)C2=CC=CC=C21)C)C(=O)NC3=CC=CC=N3,1
7703,CC=CC1=CC=C(C=C1)OC,1
2226,C1CC(C(OC1CN)OC2C(CC(C(C2O)OC3C(C(C(C(O3)CO)O)N)O)NC(=O)C(CCN)O)N)N,1
3086685,CNC(=O)C1=CC=CC=C1SC2=CC3=C(C=C2)C(=NN3)C=CC4=CC=CC=N4,1
65948,CC1=C(C(C(=C(N1)N)C(=O)OC2CN(C2)C(C3=CC=CC=C3)C4=CC=CC=C4)C5=CC(=CC=C5)[N+](=O)[O-])C(=O)OC(C)C,1
2282,CCOC(=O)OC(C)OC(=O)C1C(SC2N1C(=O)C2NC(=O)C(C3=CC=CC=C3)N)(C)C,1
2324,CC1=C(C(C(=C(N1)C)C(=O)OC2CCCN(C2)CC3=CC=CC=C3)C4=CC(=CC=C4)[N+](=O)[O-])C(=O)OC,1
2352,CC#CCC(C)C(C=CC1C(CC2C1C3=CC=CC(=C3O2)CCCC(=O)O)O)O,1
23594367,CC1(C2C1C(N(C2)C(=O)C(C(C)(C)C)NC(=O)NC(C)(C)C)C(=O)NC(CC3CCC3)C(=O)C(=O)N)C,1
2441,C1C(=O)NC2=C(C=C(C=C2)Br)C(=N1)C3=CC=CC=N3,1
2442,CN(CC1=C(C(=CC(=C1)Br)Br)N)C2CCCCC2,1
2447,CC(C)C(C(=O)NC(=O)N)Br,1
2451,CC1=NN=C2N1C3=C(C=C(S3)Br)C(=NC2)C4=CC=CC=C4Cl,1
2459,CC(C)(C(=O)NC(CS)C(=O)O)S,1
2467,COC1=CC(=C(C(=C1)OC)C(=O)CCCN2CCCC2)OC,1
2476,CC(C)(C)C(C)(C1CC23CCC1(C4C25CCN(C3CC6=C5C(=C(C=C6)O)O4)CC7CC7)OC)O,1
21348140,CC1=C2C(C(=O)C3(C(CC4C(C3C(C(C2(C)C)(CC1OC(=O)C(C(C5=CC=CC=C5)NC(=O)OC(C)(C)C)O)O)OC(=O)C6=CC=CC=C6)(CO4)OC(=O)C)OC)C)OC,1
53420943,CCC=C(C1=CSC(=N1)N)C(=O)NC2C3N(C2=O)C(=C(CS3)COC(=O)N)C(=O)O,1
2626,CN1C(=NN=N1)SCC2=C(N3C(C(C3=O)(NC(=O)CSCC#N)OC)SC2)C(=O)O,1
2639,CON=C(C1=NSC(=N1)N)C(=O)NC2C3N(C2=O)C(=C(CS3)C[N+]4=C5C=CC=NN5C=C4)C(=O)[O-],1
4487900,CON=C(C1=CSC(=N1)N)C(=O)NC2C3N(C2=O)C(=C(CS3)C[N+]4=CC=CC5=C4CCC5)C(=O)[O-],1
2663,CCN(CC)C(=O)NC1=CC(=C(C=C1)OCC(CNC(C)(C)C)O)C(=O)C,1
23314628,CC(=O)C1(CCC2C1(CCC3C2C=C(C4=CC(=O)CCC34C)Cl)C)O,1
2747,C1CN=C(N1)C2CC2(C3=CC=CC=C3)C4=CC=CC=C4,1
2752,CC1=C(C(C(=C(N1)C)C(=O)OCC=CC2=CC=CC=C2)C3=CC(=CC=C3)[N+](=O)[O-])C(=O)OCCOC,1
2789,CN1C(=O)CC(=O)N(C2=C1C=CC(=C2)Cl)C3=CC=CC=C3,1
4630419,CC1CC2C3CCC4=CC(=O)C=CC4(C3(C(CC2(C1(C(=O)CCl)O)C)O)F)C,1
25419,C(P(=O)(O)O)(P(=O)(O)O)(Cl)Cl,1
2794,CC(C)N=C1C=C2C(=NC3=CC=CC=C3N2C4=CC=C(C=C4)Cl)C=C1NC5=CC=C(C=C5)Cl,1
2805,C1CCN(CC1)CCOC(C2=CC=CC=C2)C3=CC=C(C=C3)Cl,1
11597571,CC(C1=C(C=CC(=C1Cl)F)Cl)OC2=C(N=CC(=C2)C3=CN(N=C3)C4CCNCC4)N,1
2889,COC1=C(C=CC(=C1)C=CC(=O)CC(=O)C=CC2=CC(=C(C=C2)O)OC)O,1
62865,CC(CN1C2=CC=CC=C2SC3=C1C=C(C=C3)C#N)CN(C)C,1
2910,C1C2CC(C1C=C2)C3NC4=CC(=C(C=C4S(=O)(=O)N3)S(=O)(=O)N)Cl,1
4659180,CCC12CC(=C)C3C(C1CCC2(C#C)O)CCC4=CCCCC34,1
26248,CC(=O)OC1=CC=CC2=C1C(=O)C3=C(C2=O)C=C(C=C3OC(=O)C)C(=O)O,1
3063,CN1CCC23C4C1CC5=C2C(=C(C=C5)OC)OC3C(CC4)O,1
4580358,CCC1C(C2C(C(C(CC(C(C(C(C(C(=O)O1)C)OC3CC(C(C(O3)C)O)(C)OC)C)OC4C(C(CC(O4)C)N(C)C)O)(C)O)C)NC(O2)COCCOC)C)(C)O,1
3151,C1CN(CCC1N2C3=C(C=C(C=C3)Cl)NC2=O)CCCN4C5=CC=CC=C5NC4=O,1
3159,CC1C(C(C(O1)N2C=C(C(=O)NC2=O)F)O)O,1
3171,C1=CC(=C(C=C1C(C(C(=O)O)N)O)O)O,1
3181,CC(=O)C1CCC2C1(CCC3C2C=CC4=CC(=O)CCC34C)C,1
4021,CC1=NN(C(=O)C1)C2=CC=CC=C2,1
135449332,CC1=C(C=C(C=C1)N2C(=O)C(=C(N2)C)N=NC3=CC=CC(=C3O)C4=CC(=CC=C4)C(=O)O)C,1
3236,CCC1=CC=C(C=C1)C(=O)C(C)CN2CCCCC2,1
3241,C1C2C3=CC=CC=C3CC4=CC=CC=C4N2C(=N1)N,1
22525136,CC1CC2CCC3C(=C)CC(O3)CCC45CC6C(O4)C7C(O6)C(O5)C8C(O7)CCC(O8)CC(=O)CC9C(CC(C1=C)O2)OC(C9OC)CC(CN)O.CS(=O)(=O)O,1
702,CCO,1
3299,CCOC(=O)C1C(=O)NC2=C(C=C(C=C2)Cl)C(=N1)C3=CC=CC=C3F,1
174,C(CO)O,1
3307,CCC1=CC2=C(S1)N3C(=NN=C3CN=C2C4=CC=CC=C4Cl)C,1
123619,CC1=NC=C(C=C1)C2=C(C=C(C=N2)Cl)C3=CC=C(C=C3)S(=O)(=O)C,1
4252,COC1(C2N(C1=O)C(=C(CO2)CSC3=NN=NN3CCO)C(=O)O)NC(=O)CSC(F)F,1
68942,C1=CC=C2C(=C1)C(=O)C(C2=O)C3=CC=C(C=C3)F,1
3380,CN1C(=O)CN=C(C2=C1C=CC(=C2)[N+](=O)[O-])C3=CC=CC=C3F,1
53276,CCOC(=O)NC1=C(N=C(C=C1)NCC2=CC=C(C=C2)F)N,1
3407,CN(CC1=C(C=CC=C1Cl)NC(=O)C2=CC=CC=C2)CC(=O)N3CCOCC3,1
214356,C1=CC(=C(C=C1F)F)C(CN2C=NC=N2)(CN3C=NC=N3)OP(=O)(O)O,1
362789,C(CO)CSCC(C(=O)O)N,1
9883933,CC(C)C(=O)OC(C)OC(=O)NCC1(CCCCC1)CC(=O)O,1
3447,CCOC(=O)C1=CC=C(C=C1)OC(=O)CCCCCN=C(N)N,1
479930,CC1C2=C(CN1)C=C(C=C2)C3=C(C4=C(C=C3)C(=O)C(=CN4C5CC5)C(=O)O)OC(F)F,1
745,C(CC(=O)NC(CS)C(=O)NCC(=O)O)C(C(=O)O)N,1
753,C(C(CO)O)O,1
3495,CC1(C2CCC3(C(C2(CCC1OC4C(C(C(C(O4)C(=O)O)O)O)OC5C(C(C(C(O5)C(=O)O)O)O)O)C)C(=O)C=C6C3(CCC7(C6CC(CC7)(C)C(=O)O)C)C)C)C,1
37393,CCCCN(CCCC)CCC(C1=C2C=CC(=CC2=C3C=C(C=C(C3=C1)Cl)Cl)C(F)(F)F)O,1
3590,CC(CCCC(C)(C)O)N,1
3663,CC1=CC(=O)C2=C(C3=C(C=C(C4=C3C5=C2C1=C6C(=CC(=O)C7=C(C8=C(C=C(C4=C8C5=C67)O)O)O)C)O)O)O,1
3671,CC(C)C1=NN2C=CC=CC2=C1C(=O)C(C)C,1
53394043,CC#CCC(C)C(C=CC1C(CC2C1CC(=CCCCC(=O)O)C2)O)O,1
3752,C1=CC(=C(C=C1Cl)C2=NC(=NC(=N2)N)N)Cl,1
3755,CC1(COC(C(C1NC)O)OC2C(CC(C(C2O)OC3C(C(C(C(O3)CN)O)O)O)N)NC(=O)C(CN)O)O,1
99937,C1C(C2C(O1)C(CO2)O)O,1
3792,CN(C)CCOC1=CC=C(C=C1)CNC(=O)C2=CC(=C(C=C2)OC)OC,1
3873,C1CCN(CC1)CC2=CC(=NC=C2)OCC=CCNC(=O)CS(=O)CC3=CC=CO3,1
71349,CC(C)C1C(=O)NC(CSSCC(C(=O)NC(C(=O)NC(C(=O)NC(C(=O)N1)CCCCN)CC2=CNC3=CC=CC=C32)CC4=CC=C(C=C4)O)NC(=O)C(CC5=CC6=CC=CC=C6C=C5)N)C(=O)NC(C(C)O)C(=O)N,1
65866,CC1=C(C(C(=C(N1)C)C(=O)OC(C)(C)CN(C)CCC(C2=CC=CC=C2)C3=CC=CC=C3)C4=CC(=CC=C4)[N+](=O)[O-])C(=O)OC,1
356786,C1C(OC(C1F)N2C=NC3=C(N=CN=C32)N)CO,1
13314,CN1C2=C(C=C(C=C2)Cl)C(=NC(C1=O)O)C3=CC=CC=C3Cl,1
54690031,CN1C(=C(C2=C(S1(=O)=O)C=C(S2)Cl)O)C(=O)NC3=CC=CC=N3,1
3965,CC(C1=CC=C(C=C1)CC2CCCC2=O)C(=O)O,1
4008,CC1=C(C(C(=C(N1)C)C(=O)OCCN2CCN(CC2)C(C3=CC=CC=C3)C4=CC=CC=C4)C5=CC(=CC=C5)[N+](=O)[O-])C(=O)OC,1
4020,C1CN2C(=N1)C3=CC=CC=C3C2(C4=CC=C(C=C4)Cl)O,1
4056,CC1=C(C(=O)C2=CC=CC=C2C1=O)CC=C(C)CCC=C(C)CCC=C(C)CCC=C(C)C,1
4066,C1CN2CCC1C(C2)CN3C4=CC=CC=C4SC5=CC=CC=C53,1
26388,CS(=O)(=O)C1=CC2=C(C=C1)SC3=CC=CC=C3N2CCCN4CCC(CC4)C(=O)N,1
3047758,C1CCC2CN(CC2C1)C(=O)CC(CC3=CC=CC=C3)C(=O)O,1
4213,C1=NC(=C(N1C2C(C(C(O2)CO)O)O)O)C(=O)N,1
4238,CCOC(=NC1=C[N+](=NO1)N2CCOCC2)[O-],1
119584,CCOC1=CC(=C(C=C1C(=O)NCC2CN(CCO2)CC3=CC=C(C=C3)F)Cl)N,1
4810,CC1=NC(=C(C(=N1)Cl)NC2=NCCN2)OC,1
4413,C1=CC(=CC=C1C(=O)OC2=CC3=C(C=C2)C=C(C=C3)C(=N)N)N=C(N)N,1
4417,CCN(CC)CCOC(=O)C(CC1CCCO1)CC2=CC=CC3=CC=CC=C32,1
220503,CC12CCC3C(C1CCC2O)CCC4=CC(=O)CCC34,1
4450,CN1CCOC(C2=CC=CC=C2C1)C3=CC=CC=C3,1
4460,CCNC1CC(C(C(C1OC2C(C(C(CO2)(C)O)NC)O)O)OC3C(CC=C(O3)CN)N)N,1
4475,CN1CC(CC2(C1CC3=CN(C4=CC=CC2=C34)C)OC)COC(=O)C5=CC(=CN=C5)Br,1
47528,C1=CC(=CN=C1)C(=O)NCCO[N+](=O)[O-],1
4506,C1C(=O)NC2=C(C=C(C=C2)[N+](=O)[O-])C(=N1)C3=CC=CC=C3,1
4507,CCOC(=O)C1=C(NC(=C(C1C2=CC(=CC=C2)[N+](=O)[O-])C(=O)OC)C)C,1
2997,C1C(=O)NC2=C(C=C(C=C2)Cl)C(=N1)C3=CC=CC=C3,1
4536,CC12CCC3C(C1CCC2(C#C)O)CCC4=CC(=O)CCC34,1
60865,CN(C)CCC=C1C2=CC=CC=C2COC3=C1C=C(C=C3)CC(=O)O,1
4615,C1CN(CCN1CCCN2C3=CC=CC=C3NC2=O)C(C4=CC=CC=C4)C5=CC=CC=C5,1
4641,CCCCC1C(=O)N(N(C1=O)C2=CC=C(C=C2)O)C3=CC=CC=C3,1
4646,C1=CC(=CC=C1CN2C=CN=C2)C=CC(=O)O,1
465466,CC1COC2=C3N1C=C(C(=O)C3=CC(=C2C4(CC4)N)F)C(=O)O,1
3465281,CCC(CC)C(C1C(CC(C1O)C(=O)O)N=C(N)N)NC(=O)C,1
8249,C1=CC=C(C=C1)CCN=C(N)N=C(N)N,1
54680692,CCC(C1=CC=CC=C1)C2=C(C3=CC=CC=C3OC2=O)O,1
4782,CNCC(C1=CC(=CC=C1)O)O,1
359,C1=C(C=C(C=C1O)O)O,1
31018,C1=CC(=CN=C1)CN,1
53394893,CCC1C=C(CC(CC(C2C(CC(C(O2)(C(=O)C(=O)N3CCCCC3C(=O)OC(C(C(CC1=O)O)C)C(=CC4CCC(C(C4)OC)Cl)C)O)C)OC)OC)C)C,1
40704,CC1(C2CCC(C1C2)CCOCC[N+]3(CCOCC3)CC4=CC(=C(C=C4Br)OC)OC)C,1
19675,CC(=O)C1=CC2=C(C=C1)SC3=CC=CC=C3N2CCCN4CCC(CC4)CCO,1
4842,C1CN(CCN1C(=O)CCBr)C(=O)CCBr,1
4843,C1CC(=O)N(C1)CC(=O)N,1
4844,CC1C(C(CC(O1)OC2CC(CC3=C2C(=C4C(=C3O)C(=O)C5=C(C4=O)C(=CC=C5)OC)O)(C(=O)CO)O)N)OC6CCCCO6,1
4887,C1=CC=C(C=C1)CCCCOC2=CC=C(C=C2)C(=O)NC3=CC=CC4=C3OC(=CC4=O)C5=NNN=N5,1
4888,CC(C1=CC2=C(C=C1)OC3=C(C2)C=CC=N3)C(=O)O,1
4890,C1CC1CN2C(=O)CN=C(C3=C2C=CC(=C3)Cl)C4=CC=CC=C4,1
68865,CCN(CC)CC(=O)OC1=CC=C(C=C1)NC(=O)C,1
4942,CCCOC(C1=CC=CC=C1)(C2=CC=CC=C2)C(=O)OC3CCN(CC3)C,1
135450461,CC1=NC2=C(C=C(C=C2)CN(C)C3=CC=C(S3)C(=O)NC(CCC(=O)O)C(=O)O)C(=O)N1,1
5042,C1=CC=C2C(=C1)C(=CC(=O)N2)CC(C(=O)O)NC(=O)C3=CC=C(C=C3)Cl,1
68712,C1CC1C(C2CC2)NC3=NCCO3,1
6433119,C1COCC(=O)N1C2=CC=C(C=C2)N3CC(OC3=O)CNC(=O)C4=CC=C(S4)Cl,1
91276,C1CCN(CC1)CC2=CC(=CC=C2)OCCCNC(=O)CO,1
338,C1=CC=C(C(=C1)C(=O)O)O,1
5160,CN(C)CC(COC1=CC=CC=C1CCC2=CC(=CC=C2)OC)OC(=O)CCC(=O)O,1
5199,C1=CC2=C(C(=C1)OC3C(C(C(C(O3)CO)O)O)O)C(=O)C4=C(C2C5C6=C(C(=CC=C6)OC7C(C(C(C(O7)CO)O)O)O)C(=O)C8=C5C=C(C=C8O)C(=O)O)C=C(C=C4O)C(=O)O,1
5249,CC(=CCOC1=CC=C(C=C1)C=CC(=O)C2=C(C=C(C=C2)OCC=C(C)C)OCC(=O)O)C,1
5257,CC1CN(CC(N1)C)C2=C(C(=C3C(=C2F)N(C=C(C3=O)C(=O)O)C4CC4)N)F,1
5329,CC1=CC(=NO1)NS(=O)(=O)C2=CC=C(C=C2)N,1
5355,CCN1CCCC1CNC(=O)C2=C(C=CC(=C2)S(=O)(=O)N)OC,1
71774,CCOCC(COC1=CC=C(C=C1)NC(=O)CC[S+](C)C)O,1
5378,C1CC2CC1C3C2C(=O)N(C3=O)CCCCN4CCN(CC4)C5=NC=CC=N5,1
21889836,CCCC(C(=O)C(=O)NC1CC1)NC(=O)C2C3CCCC3CN2C(=O)C(C(C)(C)C)NC(=O)C(C4CCCCC4)NC(=O)C5=NC=CN=C5,1
5393,CCOC(=O)C(CCC1=CC=CC=C1)NC2CSC(CN(C2=O)CC(=O)O)C3=CC=CS3,1
5399,CC(=CCCC(=CCCC(=CCCC(=CCCC(=O)C)C)C)C)C,1
25215,CN1C(=O)CN=C(C2=C1C=CC(=C2)Cl)C3=CCCCC3,1
5429,CN1C=NC2=C1C(=O)NC(=O)N2C,1
287691,CC(=O)NC1CCC2=CC(=C(C(=C2C3=CC=C(C(=O)C=C13)SC)OC)OC)OC4C(C(C(C(O4)CO)O)O)O,1
5467,CCN(CC)CCNC(=O)C1=C(C=CC(=C1)S(=O)(=O)C)OC,1
5468,CC(C1=CC=C(S1)C(=O)C2=CC=CC=C2)C(=O)O,1
5485,C[N+]12CCCCC1CCC(=C(C3=CC=CS3)C4=CC=CS4)C2,1
38945,CC1=C(C(=CC=C1)C)NC(=O)C(C)N,1
3199,CC1=CC2=C(C3C4C5C6=C(C(=C7C(=C6C(N4C(C(C2)N3C)O)COC(=O)C8(CS5)C9=CC(=C(C=C9CCN8)O)OC)OCO7)C)OC(=O)C)C(=C1OC)O,1
5527,COC1=C(C=C(C=C1)C=CC(=O)NC2=CC=CC=C2C(=O)O)OC,1
5531,CCN(CC)C1=CC(=NC2=NC=NN12)C,1
5560,C1=C2C(=CC(=C1Cl)S(=O)(=O)N)S(=O)(=O)NC(N2)C(Cl)Cl,1
5573,CCC(COC(=O)C1=CC(=C(C(=C1)OC)OC)OC)(C2=CC=CC=C2)N(C)C,1
21109,COC1=C(C(=C(C=C1)CN2CCNCC2)OC)OC,1
198068,CN1C2CCC1CC(=C3C4=CC=CC=C4CSC5=CC=CC=C53)C2,1
5597,COC1=CC(=CC(=C1OC)OC)C(=O)NC2CCCNC2,1
5639,CN1C(=CC(=O)N(C1=O)C)NCCCN2CCN(CC2)C3=CC=CC=C3OC,1
71113,CCCC(CCC)C(=O)N,1
42611257,CCCS(=O)(=O)NC1=C(C(=C(C=C1)F)C(=O)C2=CNC3=C2C=C(C=N3)C4=CC=C(C=C4)Cl)F,1
429017,CCC1(CC2CC(C3=C(CCN(C2)C1)C4=CC=CC=C4N3)(C5=C(C=C6C(=C5)C78CCN9C7C(C=CC9)(C(C(C8N6C)(C(=O)N)O)O)CC)OC)C(=O)OC)O,1
5677,C1C(C(C(C(C1(CO)O)O)O)O)NC(CO)CO,1
5709,CC1=CC(=CC(=C1CC2=NCCN2)C)C(C)(C)C,1
5720,CC(C1=CC2=C(C=C1)SC3=CC=CC=C3C(=O)C2)C(=O)O,1
